snapshot,link_A_usage_rate,link_B_usage_rate,link_C_usage_rate,link_D_usage_rate,link_E_usage_rate,link_F_usage_rate
0,0.0,0.0,0.0,0.0,0.0,0.0
1,0.0,0.0,0.0,0.0,0.0,0.0
2,0.0,0.0,0.0,0.0,0.0,0.0
3,0.0,0.0,0.0,0.0,0.0,0.0
4,0.0,0.0,0.0,0.0,0.0,0.0
5,0.0,0.0,0.0,0.0,0.0,0.0
6,0.0,0.0,0.0,0.0,0.0,0.0
7,0.0,0.0,0.0,0.0,0.0,0.0
8,0.0,0.0,0.0,0.0,0.0,0.0
9,0.0,0.0,0.0,0.0,0.0,0.0
10,0.0,0.0,6e-06,6e-06,0.0,0.0
11,0.0,0.0,6e-06,6e-06,0.0,0.0
12,0.0,0.0,6e-06,6e-06,0.0,0.0
13,0.0,0.0,6e-06,6e-06,0.0,0.0
14,0.0,0.0,6e-06,6e-06,0.0,0.0
15,0.0,0.0,6e-06,6e-06,0.0,0.0
16,0.0,0.0,6e-06,6e-06,0.0,0.0
17,0.0,0.0,6e-06,6e-06,0.0,0.0
18,0.0,0.0,6e-06,6e-06,0.0,0.0
19,0.0,0.0,6e-06,6e-06,0.0,0.0
20,0.8401738,0.0,0.8401805,6e-06,0.0,0.0007451
21,0.8401738,0.0,0.8401805,6e-06,0.0,0.0007451
22,0.8401738,0.0,0.8401805,6e-06,0.0,0.0007451
23,0.8401738,0.0,0.8401805,6e-06,0.0,0.0007451
24,0.8401738,0.0,0.8401805,6e-06,0.0,0.0007451
25,0.8401738,0.0,0.8401805,6e-06,0.0,0.0007451
26,0.8401738,0.0,0.8401805,6e-06,0.0,0.0007451
27,0.8401738,0.0,0.8401805,6e-06,0.0,0.0007451
28,0.8401738,0.0,0.8401805,6e-06,0.0,0.0007451
29,0.8401738,0.0,0.8401805,6e-06,0.0,0.0007451
30,0.0,0.0,0.0,0.0,0.0,0.0
31,0.0,0.0,0.0,0.0,0.0,0.0
32,0.0,0.0,0.0,0.0,0.0,0.0
33,0.0,0.0,0.0,0.0,0.0,0.0
34,0.0,0.0,0.0,0.0,0.0,0.0
35,0.0,0.0,0.0,0.0,0.0,0.0
36,0.0,0.0,0.0,0.0,0.0,0.0
37,0.0,0.0,0.0,0.0,0.0,0.0
38,0.0,0.0,0.0,0.0,0.0,0.0
39,0.0,0.0,0.0,0.0,0.0,0.0
40,1.6802527,0.0,1.6802569,9.4e-06,0.0,0.0010019
41,1.6802527,0.0,1.6802569,9.4e-06,0.0,0.0010019
42,1.6802527,0.0,1.6802569,9.4e-06,0.0,0.0010019
43,1.6802527,0.0,1.6802569,9.4e-06,0.0,0.0010019
44,1.6802527,0.0,1.6802569,9.4e-06,0.0,0.0010019
45,1.6802527,0.0,1.6802569,9.4e-06,0.0,0.0010019
46,1.6802527,0.0,1.6802569,9.4e-06,0.0,0.0010019
47,1.6802527,0.0,1.6802569,9.4e-06,0.0,0.0010019
48,1.6802527,0.0,1.6802569,9.4e-06,0.0,0.0010019
49,1.6802527,0.0,1.6802569,9.4e-06,0.0,0.0010019
50,0.0,0.0,6e-06,6e-06,0.0,0.0
51,0.0,0.0,6e-06,6e-06,0.0,0.0
52,0.0,0.0,6e-06,6e-06,0.0,0.0
53,0.0,0.0,6e-06,6e-06,0.0,0.0
54,0.0,0.0,6e-06,6e-06,0.0,0.0
55,0.0,0.0,6e-06,6e-06,0.0,0.0
56,0.0,0.0,6e-06,6e-06,0.0,0.0
57,0.0,0.0,6e-06,6e-06,0.0,0.0
58,0.0,0.0,6e-06,6e-06,0.0,0.0
59,0.0,0.0,6e-06,6e-06,0.0,0.0
60,8.3978086,0.0,8.3978053,0.0,0.0,0.00197
61,8.3978086,0.0,8.3978053,0.0,0.0,0.00197
62,8.3978086,0.0,8.3978053,0.0,0.0,0.00197
63,8.3978086,0.0,8.3978053,0.0,0.0,0.00197
64,8.3978086,0.0,8.3978053,0.0,0.0,0.00197
65,8.3978086,0.0,8.3978053,0.0,0.0,0.00197
66,8.3978086,0.0,8.3978053,0.0,0.0,0.00197
67,8.3978086,0.0,8.3978053,0.0,0.0,0.00197
68,8.3978086,0.0,8.3978053,0.0,0.0,0.00197
69,8.3978086,0.0,8.3978053,0.0,0.0,0.00197
70,0.0,0.0,6e-06,6e-06,0.0,0.0
71,0.0,0.0,6e-06,6e-06,0.0,0.0
72,0.0,0.0,6e-06,6e-06,0.0,0.0
73,0.0,0.0,6e-06,6e-06,0.0,0.0
74,0.0,0.0,6e-06,6e-06,0.0,0.0
75,0.0,0.0,6e-06,6e-06,0.0,0.0
76,0.0,0.0,6e-06,6e-06,0.0,0.0
77,0.0,0.0,6e-06,6e-06,0.0,0.0
78,0.0,0.0,6e-06,6e-06,0.0,0.0
79,0.0,0.0,6e-06,6e-06,0.0,0.0
80,16.8025575,0.0,16.8025606,6e-06,0.0,0.0051746
81,16.8025575,0.0,16.8025606,6e-06,0.0,0.0051746
82,16.8025575,0.0,16.8025606,6e-06,0.0,0.0051746
83,16.8025575,0.0,16.8025606,6e-06,0.0,0.0051746
84,16.8025575,0.0,16.8025606,6e-06,0.0,0.0051746
85,16.8025575,0.0,16.8025606,6e-06,0.0,0.0051746
86,16.8025575,0.0,16.8025606,6e-06,0.0,0.0051746
87,16.8025575,0.0,16.8025606,6e-06,0.0,0.0051746
88,16.8025575,0.0,16.8025606,6e-06,0.0,0.0051746
89,16.8025575,0.0,16.8025606,6e-06,0.0,0.0051746
90,0.0,0.0,0.0,0.0,0.0,0.0
91,0.0,0.0,0.0,0.0,0.0,0.0
92,0.0,0.0,0.0,0.0,0.0,0.0
93,0.0,0.0,0.0,0.0,0.0,0.0
94,0.0,0.0,0.0,0.0,0.0,0.0
95,0.0,0.0,0.0,0.0,0.0,0.0
96,0.0,0.0,0.0,0.0,0.0,0.0
97,0.0,0.0,0.0,0.0,0.0,0.0
98,0.0,0.0,0.0,0.0,0.0,0.0
99,0.0,0.0,0.0,0.0,0.0,0.0
100,41.990964,0.0,41.9909573,6e-06,0.0,0.0114315
101,41.990964,0.0,41.9909573,6e-06,0.0,0.0114315
102,41.990964,0.0,41.9909573,6e-06,0.0,0.0114315
103,41.990964,0.0,41.9909573,6e-06,0.0,0.0114315
104,41.990964,0.0,41.9909573,6e-06,0.0,0.0114315
105,41.990964,0.0,41.9909573,6e-06,0.0,0.0114315
106,41.990964,0.0,41.9909573,6e-06,0.0,0.0114315
107,41.990964,0.0,41.9909573,6e-06,0.0,0.0114315
108,41.990964,0.0,41.9909573,6e-06,0.0,0.0114315
109,41.990964,0.0,41.9909573,6e-06,0.0,0.0114315
110,0.0,0.0,6e-06,6e-06,0.0,0.0
111,0.0,0.0,6e-06,6e-06,0.0,0.0
112,0.0,0.0,6e-06,6e-06,0.0,0.0
113,0.0,0.0,6e-06,6e-06,0.0,0.0
114,0.0,0.0,6e-06,6e-06,0.0,0.0
115,0.0,0.0,6e-06,6e-06,0.0,0.0
116,0.0,0.0,6e-06,6e-06,0.0,0.0
117,0.0,0.0,6e-06,6e-06,0.0,0.0
118,0.0,0.0,6e-06,6e-06,0.0,0.0
119,0.0,0.0,6e-06,6e-06,0.0,0.0
120,784.7726966,0.0,784.7734306,3.4e-06,0.0,0.2077018
121,784.7726966,0.0,784.7734306,3.4e-06,0.0,0.2077018
122,784.7726966,0.0,784.7734306,3.4e-06,0.0,0.2077018
123,784.7726966,0.0,784.7734306,3.4e-06,0.0,0.2077018
124,784.7726966,0.0,784.7734306,3.4e-06,0.0,0.2077018
125,784.7726966,0.0,784.7734306,3.4e-06,0.0,0.2077018
126,784.7726966,0.0,784.7734306,3.4e-06,0.0,0.2077018
127,784.7726966,0.0,784.7734306,3.4e-06,0.0,0.2077018
128,784.7726966,0.0,784.7734306,3.4e-06,0.0,0.2077018
129,0.0,0.0,6e-06,6e-06,0.0,0.0
130,0.0,0.0,6e-06,6e-06,0.0,0.0
131,0.0,0.0,6e-06,6e-06,0.0,0.0
132,0.0,0.0,6e-06,6e-06,0.0,0.0
133,0.0,0.0,6e-06,6e-06,0.0,0.0
134,0.0,0.0,6e-06,6e-06,0.0,0.0
135,0.0,0.0,6e-06,6e-06,0.0,0.0
136,0.0,0.0,6e-06,6e-06,0.0,0.0
137,0.0,0.0,6e-06,6e-06,0.0,0.0
138,0.0,0.0,6e-06,6e-06,0.0,0.0
139,575.63955,0.0,575.6389365,6e-06,0.0,0.1523927
140,575.63955,0.0,575.6389365,6e-06,0.0,0.1523927
141,575.63955,0.0,575.6389365,6e-06,0.0,0.1523927
142,575.63955,0.0,575.6389365,6e-06,0.0,0.1523927
143,575.63955,0.0,575.6389365,6e-06,0.0,0.1523927
144,575.63955,0.0,575.6389365,6e-06,0.0,0.1523927
145,575.63955,0.0,575.6389365,6e-06,0.0,0.1523927
146,575.63955,0.0,575.6389365,6e-06,0.0,0.1523927
147,575.63955,0.0,575.6389365,6e-06,0.0,0.1523927
148,575.63955,0.0,575.6389365,6e-06,0.0,0.1523927
149,728.399213,0.0,728.3997199,0.0,0.0,0.1930526
150,728.399213,0.0,728.3997199,0.0,0.0,0.1930526
151,728.399213,0.0,728.3997199,0.0,0.0,0.1930526
152,728.399213,0.0,728.3997199,0.0,0.0,0.1930526
153,728.399213,0.0,728.3997199,0.0,0.0,0.1930526
154,728.399213,0.0,728.3997199,0.0,0.0,0.1930526
155,728.399213,0.0,728.3997199,0.0,0.0,0.1930526
156,728.399213,0.0,728.3997199,0.0,0.0,0.1930526
157,728.399213,0.0,728.3997199,0.0,0.0,0.1930526
158,728.399213,0.0,728.3997199,0.0,0.0,0.1930526
159,0.0,0.0,6e-06,6e-06,0.0,0.0
160,0.0,0.0,6e-06,6e-06,0.0,0.0
161,0.0,0.0,6e-06,6e-06,0.0,0.0
162,0.0,0.0,6e-06,6e-06,0.0,0.0
163,0.0,0.0,6e-06,6e-06,0.0,0.0
164,0.0,0.0,6e-06,6e-06,0.0,0.0
165,0.0,0.0,6e-06,6e-06,0.0,0.0
166,0.0,0.0,6e-06,6e-06,0.0,0.0
167,0.0,0.0,6e-06,6e-06,0.0,0.0
168,0.0,0.0,6e-06,6e-06,0.0,0.0
169,1889.9500548,0.0,1889.94939,6e-06,0.0,0.5003224
170,1889.9500548,0.0,1889.94939,6e-06,0.0,0.5003224
171,1889.9500548,0.0,1889.94939,6e-06,0.0,0.5003224
172,1889.9500548,0.0,1889.94939,6e-06,0.0,0.5003224
173,1889.9500548,0.0,1889.94939,6e-06,0.0,0.5003224
174,1889.9500548,0.0,1889.94939,6e-06,0.0,0.5003224
175,1889.9500548,0.0,1889.94939,6e-06,0.0,0.5003224
176,1889.9500548,0.0,1889.94939,6e-06,0.0,0.5003224
177,1889.9500548,0.0,1889.94939,6e-06,0.0,0.5003224
178,1889.9500548,0.0,1889.94939,6e-06,0.0,0.5003224
179,0.0,0.0,0.0,0.0,0.0,0.0
180,0.0,0.0,0.0,0.0,0.0,0.0
181,0.0,0.0,0.0,0.0,0.0,0.0
182,0.0,0.0,0.0,0.0,0.0,0.0
183,0.0,0.0,0.0,0.0,0.0,0.0
184,0.0,0.0,0.0,0.0,0.0,0.0
185,0.0,0.0,0.0,0.0,0.0,0.0
186,0.0,0.0,0.0,0.0,0.0,0.0
187,0.0,0.0,0.0,0.0,0.0,0.0
188,0.0,0.0,0.0,0.0,0.0,0.0
189,13.8289961,0.0,13.8290125,6e-06,0.0,0.0035516
190,13.8289961,0.0,13.8290125,6e-06,0.0,0.0035516
191,13.8289961,0.0,13.8290125,6e-06,0.0,0.0035516
192,13.8289961,0.0,13.8290125,6e-06,0.0,0.0035516
193,13.8289961,0.0,13.8290125,6e-06,0.0,0.0035516
194,13.8289961,0.0,13.8290125,6e-06,0.0,0.0035516
195,13.8289961,0.0,13.8290125,6e-06,0.0,0.0035516
196,13.8289961,0.0,13.8290125,6e-06,0.0,0.0035516
197,13.8289961,0.0,13.8290125,6e-06,0.0,0.0035516
198,13.8289961,0.0,13.8290125,6e-06,0.0,0.0035516
199,2680.4685921,0.0,2680.4665053,6e-06,0.0,0.7103325
200,2680.4685921,0.0,2680.4665053,6e-06,0.0,0.7103325
201,2680.4685921,0.0,2680.4665053,6e-06,0.0,0.7103325
202,2680.4685921,0.0,2680.4665053,6e-06,0.0,0.7103325
203,2680.4685921,0.0,2680.4665053,6e-06,0.0,0.7103325
204,2680.4685921,0.0,2680.4665053,6e-06,0.0,0.7103325
205,2680.4685921,0.0,2680.4665053,6e-06,0.0,0.7103325
206,2680.4685921,0.0,2680.4665053,6e-06,0.0,0.7103325
207,2680.4685921,0.0,2680.4665053,6e-06,0.0,0.7103325
208,2680.4685921,0.0,2680.4665053,6e-06,0.0,0.7103325
209,0.0,0.0,0.0,0.0,0.0,0.0
210,0.0,0.0,0.0,0.0,0.0,0.0
211,0.0,0.0,0.0,0.0,0.0,0.0
212,0.0,0.0,0.0,0.0,0.0,0.0
213,0.0,0.0,0.0,0.0,0.0,0.0
214,0.0,0.0,0.0,0.0,0.0,0.0
215,0.0,0.0,0.0,0.0,0.0,0.0
216,0.0,0.0,0.0,0.0,0.0,0.0
217,0.0,0.0,0.0,0.0,0.0,0.0
218,0.0,0.0,0.0,0.0,0.0,0.0
219,6.204775,0.0,6.2047796,6e-06,0.0,0.0017053
220,6.204775,0.0,6.2047796,6e-06,0.0,0.0017053
221,6.204775,0.0,6.2047796,6e-06,0.0,0.0017053
222,6.204775,0.0,6.2047796,6e-06,0.0,0.0017053
223,6.204775,0.0,6.2047796,6e-06,0.0,0.0017053
224,6.204775,0.0,6.2047796,6e-06,0.0,0.0017053
225,6.204775,0.0,6.2047796,6e-06,0.0,0.0017053
226,6.204775,0.0,6.2047796,6e-06,0.0,0.0017053
227,6.204775,0.0,6.2047796,6e-06,0.0,0.0017053
228,6.204775,0.0,6.2047796,6e-06,0.0,0.0017053
229,2685.9362313,0.0,2685.9371796,9.4e-06,0.0,0.7117806
230,2685.9362313,0.0,2685.9371796,9.4e-06,0.0,0.7117806
231,2685.9362313,0.0,2685.9371796,9.4e-06,0.0,0.7117806
232,2685.9362313,0.0,2685.9371796,9.4e-06,0.0,0.7117806
233,2685.9362313,0.0,2685.9371796,9.4e-06,0.0,0.7117806
234,2685.9362313,0.0,2685.9371796,9.4e-06,0.0,0.7117806
235,2685.9362313,0.0,2685.9371796,9.4e-06,0.0,0.7117806
236,2685.9362313,0.0,2685.9371796,9.4e-06,0.0,0.7117806
237,2685.9362313,0.0,2685.9371796,9.4e-06,0.0,0.7117806
238,2685.9362313,0.0,2685.9371796,9.4e-06,0.0,0.7117806
239,1377.0847806,0.0,1377.0846836,0.0,0.0,0.3649717
240,1377.0847806,0.0,1377.0846836,0.0,0.0,0.3649717
241,1377.0847806,0.0,1377.0846836,0.0,0.0,0.3649717
242,1377.0847806,0.0,1377.0846836,0.0,0.0,0.3649717
243,1377.0847806,0.0,1377.0846836,0.0,0.0,0.3649717
244,1377.0847806,0.0,1377.0846836,0.0,0.0,0.3649717
245,1377.0847806,0.0,1377.0846836,0.0,0.0,0.3649717
246,1377.0847806,0.0,1377.0846836,0.0,0.0,0.3649717
247,1377.0847806,0.0,1377.0846836,0.0,0.0,0.3649717
248,1377.0847806,0.0,1377.0846836,0.0,0.0,0.3649717
249,0.0,0.0,6e-06,6e-06,0.0,0.0
250,0.0,0.0,6e-06,6e-06,0.0,0.0
251,0.0,0.0,6e-06,6e-06,0.0,0.0
252,0.0,0.0,6e-06,6e-06,0.0,0.0
253,0.0,0.0,6e-06,6e-06,0.0,0.0
254,0.0,0.0,6e-06,6e-06,0.0,0.0
255,0.0,0.0,6e-06,6e-06,0.0,0.0
256,0.0,0.0,6e-06,6e-06,0.0,0.0
257,0.0,0.0,6e-06,6e-06,0.0,0.0
258,0.0,0.0,6e-06,6e-06,0.0,0.0
259,431.0526904,0.0,431.0524168,6e-06,0.0,0.1142553
260,431.0526904,0.0,431.0524168,6e-06,0.0,0.1142553
261,431.0526904,0.0,431.0524168,6e-06,0.0,0.1142553
262,431.0526904,0.0,431.0524168,6e-06,0.0,0.1142553
263,431.0526904,0.0,431.0524168,6e-06,0.0,0.1142553
264,431.0526904,0.0,431.0524168,6e-06,0.0,0.1142553
265,431.0526904,0.0,431.0524168,6e-06,0.0,0.1142553
266,431.0526904,0.0,431.0524168,6e-06,0.0,0.1142553
267,431.0526904,0.0,431.0524168,6e-06,0.0,0.1142553
268,431.0526904,0.0,431.0524168,6e-06,0.0,0.1142553
269,3.4e-06,0.0,3.4e-06,3.4e-06,0.0,3.4e-06
270,3.4e-06,0.0,3.4e-06,3.4e-06,0.0,3.4e-06
271,3.4e-06,0.0,3.4e-06,3.4e-06,0.0,3.4e-06
272,3.4e-06,0.0,3.4e-06,3.4e-06,0.0,3.4e-06
273,3.4e-06,0.0,3.4e-06,3.4e-06,0.0,3.4e-06
274,3.4e-06,0.0,3.4e-06,3.4e-06,0.0,3.4e-06
275,3.4e-06,0.0,3.4e-06,3.4e-06,0.0,3.4e-06
276,3.4e-06,0.0,3.4e-06,3.4e-06,0.0,3.4e-06
277,3.4e-06,0.0,3.4e-06,3.4e-06,0.0,3.4e-06
278,3.4e-06,0.0,3.4e-06,3.4e-06,0.0,3.4e-06
279,859.9949811,0.0,859.9945851,6e-06,0.0,0.2282303
280,859.9949811,0.0,859.9945851,6e-06,0.0,0.2282303
281,859.9949811,0.0,859.9945851,6e-06,0.0,0.2282303
282,859.9949811,0.0,859.9945851,6e-06,0.0,0.2282303
283,859.9949811,0.0,859.9945851,6e-06,0.0,0.2282303
284,859.9949811,0.0,859.9945851,6e-06,0.0,0.2282303
285,859.9949811,0.0,859.9945851,6e-06,0.0,0.2282303
286,859.9949811,0.0,859.9945851,6e-06,0.0,0.2282303
287,859.9949811,0.0,859.9945851,6e-06,0.0,0.2282303
288,859.9949811,0.0,859.9945851,6e-06,0.0,0.2282303
289,0.0,0.0,6e-06,6e-06,0.0,0.0
290,0.0,0.0,6e-06,6e-06,0.0,0.0
291,0.0,0.0,6e-06,6e-06,0.0,0.0
292,0.0,0.0,6e-06,6e-06,0.0,0.0
293,0.0,0.0,6e-06,6e-06,0.0,0.0
294,0.0,0.0,6e-06,6e-06,0.0,0.0
295,0.0,0.0,6e-06,6e-06,0.0,0.0
296,0.0,0.0,6e-06,6e-06,0.0,0.0
297,0.0,0.0,6e-06,6e-06,0.0,0.0
298,0.0,0.0,6e-06,6e-06,0.0,0.0
299,46.0844539,0.0,46.0844853,0.0,0.0,0.0124967
300,46.0844539,0.0,46.0844853,0.0,0.0,0.0124967
301,46.0844539,0.0,46.0844853,0.0,0.0,0.0124967
302,46.0844539,0.0,46.0844853,0.0,0.0,0.0124967
303,46.0844539,0.0,46.0844853,0.0,0.0,0.0124967
304,46.0844539,0.0,46.0844853,0.0,0.0,0.0124967
305,46.0844539,0.0,46.0844853,0.0,0.0,0.0124967
306,46.0844539,0.0,46.0844853,0.0,0.0,0.0124967
307,46.0844539,0.0,46.0844853,0.0,0.0,0.0124967
308,46.0844539,0.0,46.0844853,0.0,0.0,0.0124967
309,1674.172482,0.0,1674.170738,9.4e-06,0.0,0.4437152
310,1674.172482,0.0,1674.170738,9.4e-06,0.0,0.4437152
311,1674.172482,0.0,1674.170738,9.4e-06,0.0,0.4437152
312,1674.172482,0.0,1674.170738,9.4e-06,0.0,0.4437152
313,1674.172482,0.0,1674.170738,9.4e-06,0.0,0.4437152
314,1674.172482,0.0,1674.170738,9.4e-06,0.0,0.4437152
315,1674.172482,0.0,1674.170738,9.4e-06,0.0,0.4437152
316,1674.172482,0.0,1674.170738,9.4e-06,0.0,0.4437152
317,1674.172482,0.0,1674.170738,9.4e-06,0.0,0.4437152
318,1674.172482,0.0,1674.170738,9.4e-06,0.0,0.4437152
319,0.0,0.0,6e-06,6e-06,0.0,0.0
320,0.0,0.0,6e-06,6e-06,0.0,0.0
321,0.0,0.0,6e-06,6e-06,0.0,0.0
322,0.0,0.0,6e-06,6e-06,0.0,0.0
323,0.0,0.0,6e-06,6e-06,0.0,0.0
324,0.0,0.0,6e-06,6e-06,0.0,0.0
325,0.0,0.0,6e-06,6e-06,0.0,0.0
326,0.0,0.0,6e-06,6e-06,0.0,0.0
327,0.0,0.0,6e-06,6e-06,0.0,0.0
328,0.0,0.0,6e-06,6e-06,0.0,0.0
329,1033.4199907,0.0,1033.4210815,0.0,0.0,0.2736236
330,1033.4199907,0.0,1033.4210815,0.0,0.0,0.2736236
331,1033.4199907,0.0,1033.4210815,0.0,0.0,0.2736236
332,1033.4199907,0.0,1033.4210815,0.0,0.0,0.2736236
333,1033.4199907,0.0,1033.4210815,0.0,0.0,0.2736236
334,1033.4199907,0.0,1033.4210815,0.0,0.0,0.2736236
335,1033.4199907,0.0,1033.4210815,0.0,0.0,0.2736236
336,1033.4199907,0.0,1033.4210815,0.0,0.0,0.2736236
337,1033.4199907,0.0,1033.4210815,0.0,0.0,0.2736236
338,1033.4199907,0.0,1033.4210815,0.0,0.0,0.2736236
339,2718.1522044,0.0,2718.1521082,9.4e-06,0.0,0.7202818
340,2718.1522044,0.0,2718.1521082,9.4e-06,0.0,0.7202818
341,2718.1522044,0.0,2718.1521082,9.4e-06,0.0,0.7202818
342,2718.1522044,0.0,2718.1521082,9.4e-06,0.0,0.7202818
343,2718.1522044,0.0,2718.1521082,9.4e-06,0.0,0.7202818
344,2718.1522044,0.0,2718.1521082,9.4e-06,0.0,0.7202818
345,2718.1522044,0.0,2718.1521082,9.4e-06,0.0,0.7202818
346,2718.1522044,0.0,2718.1521082,9.4e-06,0.0,0.7202818
347,2718.1522044,0.0,2718.1521082,9.4e-06,0.0,0.7202818
348,547.8628375,0.0,547.8627113,6e-06,0.0,0.1451993
349,547.8628375,0.0,547.8627113,6e-06,0.0,0.1451993
350,547.8628375,0.0,547.8627113,6e-06,0.0,0.1451993
351,547.8628375,0.0,547.8627113,6e-06,0.0,0.1451993
352,547.8628375,0.0,547.8627113,6e-06,0.0,0.1451993
353,547.8628375,0.0,547.8627113,6e-06,0.0,0.1451993
354,547.8628375,0.0,547.8627113,6e-06,0.0,0.1451993
355,547.8628375,0.0,547.8627113,6e-06,0.0,0.1451993
356,547.8628375,0.0,547.8627113,6e-06,0.0,0.1451993
357,547.8628375,0.0,547.8627113,6e-06,0.0,0.1451993
358,0.0,0.0,0.0,0.0,0.0,0.0
359,0.0,0.0,0.0,0.0,0.0,0.0
360,0.0,0.0,0.0,0.0,0.0,0.0
361,0.0,0.0,0.0,0.0,0.0,0.0
362,0.0,0.0,0.0,0.0,0.0,0.0
363,0.0,0.0,0.0,0.0,0.0,0.0
364,0.0,0.0,0.0,0.0,0.0,0.0
365,0.0,0.0,0.0,0.0,0.0,0.0
366,0.0,0.0,0.0,0.0,0.0,0.0
367,0.0,0.0,0.0,0.0,0.0,0.0
368,2114.1524158,0.0,2114.1506856,9.4e-06,0.0,0.5600821
369,2114.1524158,0.0,2114.1506856,9.4e-06,0.0,0.5600821
370,2114.1524158,0.0,2114.1506856,9.4e-06,0.0,0.5600821
371,2114.1524158,0.0,2114.1506856,9.4e-06,0.0,0.5600821
372,2114.1524158,0.0,2114.1506856,9.4e-06,0.0,0.5600821
373,2114.1524158,0.0,2114.1506856,9.4e-06,0.0,0.5600821
374,2114.1524158,0.0,2114.1506856,9.4e-06,0.0,0.5600821
375,2114.1524158,0.0,2114.1506856,9.4e-06,0.0,0.5600821
376,2114.1524158,0.0,2114.1506856,9.4e-06,0.0,0.5600821
377,2114.1524158,0.0,2114.1506856,9.4e-06,0.0,0.5600821
378,2706.0849301,0.0,2706.084329,6e-06,0.0,0.7171332
379,2706.0849301,0.0,2706.084329,6e-06,0.0,0.7171332
380,2706.0849301,0.0,2706.084329,6e-06,0.0,0.7171332
381,2706.0849301,0.0,2706.084329,6e-06,0.0,0.7171332
382,2706.0849301,0.0,2706.084329,6e-06,0.0,0.7171332
383,2706.0849301,0.0,2706.084329,6e-06,0.0,0.7171332
384,2706.0849301,0.0,2706.084329,6e-06,0.0,0.7171332
385,2706.0849301,0.0,2706.084329,6e-06,0.0,0.7171332
386,2706.0849301,0.0,2706.084329,6e-06,0.0,0.7171332
387,2706.0849301,0.0,2706.084329,6e-06,0.0,0.7171332
388,2763.0138807,0.0,2763.0147951,0.0,0.0,0.7322455
389,2763.0138807,0.0,2763.0147951,0.0,0.0,0.7322455
390,2763.0138807,0.0,2763.0147951,0.0,0.0,0.7322455
391,2763.0138807,0.0,2763.0147951,0.0,0.0,0.7322455
392,2763.0138807,0.0,2763.0147951,0.0,0.0,0.7322455
393,2763.0138807,0.0,2763.0147951,0.0,0.0,0.7322455
394,2763.0138807,0.0,2763.0147951,0.0,0.0,0.7322455
395,2763.0138807,0.0,2763.0147951,0.0,0.0,0.7322455
396,2763.0138807,0.0,2763.0147951,0.0,0.0,0.7322455
397,2763.0138807,0.0,2763.0147951,0.0,0.0,0.7322455
398,1016.5876948,0.0,1016.5864041,6e-06,0.0,0.2693732
399,1016.5876948,0.0,1016.5864041,6e-06,0.0,0.2693732
400,1016.5876948,0.0,1016.5864041,6e-06,0.0,0.2693732
401,1016.5876948,0.0,1016.5864041,6e-06,0.0,0.2693732
402,1016.5876948,0.0,1016.5864041,6e-06,0.0,0.2693732
403,1016.5876948,0.0,1016.5864041,6e-06,0.0,0.2693732
404,1016.5876948,0.0,1016.5864041,6e-06,0.0,0.2693732
405,1016.5876948,0.0,1016.5864041,6e-06,0.0,0.2693732
406,1016.5876948,0.0,1016.5864041,6e-06,0.0,0.2693732
407,1016.5876948,0.0,1016.5864041,6e-06,0.0,0.2693732
408,0.0,0.0,6e-06,6e-06,0.0,0.0
409,0.0,0.0,6e-06,6e-06,0.0,0.0
410,0.0,0.0,6e-06,6e-06,0.0,0.0
411,0.0,0.0,6e-06,6e-06,0.0,0.0
412,0.0,0.0,6e-06,6e-06,0.0,0.0
413,0.0,0.0,6e-06,6e-06,0.0,0.0
414,0.0,0.0,6e-06,6e-06,0.0,0.0
415,0.0,0.0,6e-06,6e-06,0.0,0.0
416,0.0,0.0,6e-06,6e-06,0.0,0.0
417,0.0,0.0,6e-06,6e-06,0.0,0.0
418,1728.7437113,0.0,1728.7436006,0.0,0.0,0.4580455
419,1728.7437113,0.0,1728.7436006,0.0,0.0,0.4580455
420,1728.7437113,0.0,1728.7436006,0.0,0.0,0.4580455
421,1728.7437113,0.0,1728.7436006,0.0,0.0,0.4580455
422,1728.7437113,0.0,1728.7436006,0.0,0.0,0.4580455
423,1728.7437113,0.0,1728.7436006,0.0,0.0,0.4580455
424,1728.7437113,0.0,1728.7436006,0.0,0.0,0.4580455
425,1728.7437113,0.0,1728.7436006,0.0,0.0,0.4580455
426,1728.7437113,0.0,1728.7436006,0.0,0.0,0.4580455
427,1728.7437113,0.0,1728.7436006,0.0,0.0,0.4580455
428,2735.52558,0.0,2735.5250329,6e-06,0.0,0.7249455
429,2735.52558,0.0,2735.5250329,6e-06,0.0,0.7249455
430,2735.52558,0.0,2735.5250329,6e-06,0.0,0.7249455
431,2735.52558,0.0,2735.5250329,6e-06,0.0,0.7249455
432,2735.52558,0.0,2735.5250329,6e-06,0.0,0.7249455
433,2735.52558,0.0,2735.5250329,6e-06,0.0,0.7249455
434,2735.52558,0.0,2735.5250329,6e-06,0.0,0.7249455
435,2735.52558,0.0,2735.5250329,6e-06,0.0,0.7249455
436,2735.52558,0.0,2735.5250329,6e-06,0.0,0.7249455
437,2735.52558,0.0,2735.5250329,6e-06,0.0,0.7249455
438,2692.3980015,0.0,2692.3980395,9.4e-06,0.0,0.7135197
439,2692.3980015,0.0,2692.3980395,9.4e-06,0.0,0.7135197
440,2692.3980015,0.0,2692.3980395,9.4e-06,0.0,0.7135197
441,2692.3980015,0.0,2692.3980395,9.4e-06,0.0,0.7135197
442,2692.3980015,0.0,2692.3980395,9.4e-06,0.0,0.7135197
443,2692.3980015,0.0,2692.3980395,9.4e-06,0.0,0.7135197
444,2692.3980015,0.0,2692.3980395,9.4e-06,0.0,0.7135197
445,2692.3980015,0.0,2692.3980395,9.4e-06,0.0,0.7135197
446,2692.3980015,0.0,2692.3980395,9.4e-06,0.0,0.7135197
447,2692.3980015,0.0,2692.3980395,9.4e-06,0.0,0.7135197
448,852.5602105,0.0,852.5593044,0.0,0.0,0.2249307
449,852.5602105,0.0,852.5593044,0.0,0.0,0.2249307
450,852.5602105,0.0,852.5593044,0.0,0.0,0.2249307
451,852.5602105,0.0,852.5593044,0.0,0.0,0.2249307
452,852.5602105,0.0,852.5593044,0.0,0.0,0.2249307
453,852.5602105,0.0,852.5593044,0.0,0.0,0.2249307
454,852.5602105,0.0,852.5593044,0.0,0.0,0.2249307
455,852.5602105,0.0,852.5593044,0.0,0.0,0.2249307
456,852.5602105,0.0,852.5593044,0.0,0.0,0.2249307
457,852.5602105,0.0,852.5593044,0.0,0.0,0.2249307
458,0.0,0.0,6e-06,6e-06,0.0,0.0
459,0.0,0.0,6e-06,6e-06,0.0,0.0
460,0.0,0.0,6e-06,6e-06,0.0,0.0
461,0.0,0.0,6e-06,6e-06,0.0,0.0
462,0.0,0.0,6e-06,6e-06,0.0,0.0
463,0.0,0.0,6e-06,6e-06,0.0,0.0
464,0.0,0.0,6e-06,6e-06,0.0,0.0
465,0.0,0.0,6e-06,6e-06,0.0,0.0
466,0.0,0.0,6e-06,6e-06,0.0,0.0
467,0.0,0.0,6e-06,6e-06,0.0,0.0
468,1649.0943719,0.0,1649.092757,9.4e-06,0.0,0.436944
469,1649.0943719,0.0,1649.092757,9.4e-06,0.0,0.436944
470,1649.0943719,0.0,1649.092757,9.4e-06,0.0,0.436944
471,1649.0943719,0.0,1649.092757,9.4e-06,0.0,0.436944
472,1649.0943719,0.0,1649.092757,9.4e-06,0.0,0.436944
473,1649.0943719,0.0,1649.092757,9.4e-06,0.0,0.436944
474,1649.0943719,0.0,1649.092757,9.4e-06,0.0,0.436944
475,1649.0943719,0.0,1649.092757,9.4e-06,0.0,0.436944
476,1649.0943719,0.0,1649.092757,9.4e-06,0.0,0.436944
477,1649.0943719,0.0,1649.092757,9.4e-06,0.0,0.436944
478,2676.0293138,0.0,2676.0309703,0.0,0.0,0.7091867
479,2676.0293138,0.0,2676.0309703,0.0,0.0,0.7091867
480,2676.0293138,0.0,2676.0309703,0.0,0.0,0.7091867
481,2676.0293138,0.0,2676.0309703,0.0,0.0,0.7091867
482,2676.0293138,0.0,2676.0309703,0.0,0.0,0.7091867
483,2676.0293138,0.0,2676.0309703,0.0,0.0,0.7091867
484,2676.0293138,0.0,2676.0309703,0.0,0.0,0.7091867
485,2676.0293138,0.0,2676.0309703,0.0,0.0,0.7091867
486,2676.0293138,0.0,2676.0309703,0.0,0.0,0.7091867
487,2676.0293138,0.0,2676.0309703,0.0,0.0,0.7091867
488,2660.7487799,0.0,2660.7467105,6e-06,0.0,0.7050917
489,2660.7487799,0.0,2660.7467105,6e-06,0.0,0.7050917
490,2660.7487799,0.0,2660.7467105,6e-06,0.0,0.7050917
491,2660.7487799,0.0,2660.7467105,6e-06,0.0,0.7050917
492,2660.7487799,0.0,2660.7467105,6e-06,0.0,0.7050917
493,2660.7487799,0.0,2660.7467105,6e-06,0.0,0.7050917
494,2660.7487799,0.0,2660.7467105,6e-06,0.0,0.7050917
495,2660.7487799,0.0,2660.7467105,6e-06,0.0,0.7050917
496,2660.7487799,0.0,2660.7467105,6e-06,0.0,0.7050917
497,2660.7487799,0.0,2660.7467105,6e-06,0.0,0.7050917
498,2455.869402,0.0,2455.8707645,6e-06,0.0,0.6507853
499,2455.869402,0.0,2455.8707645,6e-06,0.0,0.6507853
500,2455.869402,0.0,2455.8707645,6e-06,0.0,0.6507853
501,2455.869402,0.0,2455.8707645,6e-06,0.0,0.6507853
502,2455.869402,0.0,2455.8707645,6e-06,0.0,0.6507853
503,2455.869402,0.0,2455.8707645,6e-06,0.0,0.6507853
504,2455.869402,0.0,2455.8707645,6e-06,0.0,0.6507853
505,2455.869402,0.0,2455.8707645,6e-06,0.0,0.6507853
506,2455.869402,0.0,2455.8707645,6e-06,0.0,0.6507853
507,2455.869402,0.0,2455.8707645,6e-06,0.0,0.6507853
508,2680.0723032,0.0,2680.0720405,0.0,0.0,0.7102229
509,2680.0723032,0.0,2680.0720405,0.0,0.0,0.7102229
510,2680.0723032,0.0,2680.0720405,0.0,0.0,0.7102229
511,2680.0723032,0.0,2680.0720405,0.0,0.0,0.7102229
512,2680.0723032,0.0,2680.0720405,0.0,0.0,0.7102229
513,2680.0723032,0.0,2680.0720405,0.0,0.0,0.7102229
514,2680.0723032,0.0,2680.0720405,0.0,0.0,0.7102229
515,2680.0723032,0.0,2680.0720405,0.0,0.0,0.7102229
516,2680.0723032,0.0,2680.0720405,0.0,0.0,0.7102229
517,2680.0723032,0.0,2680.0720405,0.0,0.0,0.7102229
518,2666.7138521,0.0,2666.7130397,9.4e-06,0.0,0.7066232
519,2666.7138521,0.0,2666.7130397,9.4e-06,0.0,0.7066232
520,2666.7138521,0.0,2666.7130397,9.4e-06,0.0,0.7066232
521,2666.7138521,0.0,2666.7130397,9.4e-06,0.0,0.7066232
522,2666.7138521,0.0,2666.7130397,9.4e-06,0.0,0.7066232
523,2666.7138521,0.0,2666.7130397,9.4e-06,0.0,0.7066232
524,2666.7138521,0.0,2666.7130397,9.4e-06,0.0,0.7066232
525,2666.7138521,0.0,2666.7130397,9.4e-06,0.0,0.7066232
526,2666.7138521,0.0,2666.7130397,9.4e-06,0.0,0.7066232
527,2666.7138521,0.0,2666.7130397,9.4e-06,0.0,0.7066232
528,1011.5560615,0.0,1011.5560226,6e-06,0.0,0.2680678
529,1011.5560615,0.0,1011.5560226,6e-06,0.0,0.2680678
530,1011.5560615,0.0,1011.5560226,6e-06,0.0,0.2680678
531,1011.5560615,0.0,1011.5560226,6e-06,0.0,0.2680678
532,1011.5560615,0.0,1011.5560226,6e-06,0.0,0.2680678
533,1011.5560615,0.0,1011.5560226,6e-06,0.0,0.2680678
534,1011.5560615,0.0,1011.5560226,6e-06,0.0,0.2680678
535,1011.5560615,0.0,1011.5560226,6e-06,0.0,0.2680678
536,1011.5560615,0.0,1011.5560226,6e-06,0.0,0.2680678
537,1011.5560615,0.0,1011.5560226,6e-06,0.0,0.2680678
538,0.0,0.0,0.0,0.0,0.0,0.0
539,0.0,0.0,0.0,0.0,0.0,0.0
540,0.0,0.0,0.0,0.0,0.0,0.0
541,0.0,0.0,0.0,0.0,0.0,0.0
542,0.0,0.0,0.0,0.0,0.0,0.0
543,0.0,0.0,0.0,0.0,0.0,0.0
544,0.0,0.0,0.0,0.0,0.0,0.0
545,0.0,0.0,0.0,0.0,0.0,0.0
546,0.0,0.0,0.0,0.0,0.0,0.0
547,1636.2426946,0.0,1636.2424858,9.4e-06,0.0,0.4336301
548,1636.2426946,0.0,1636.2424858,9.4e-06,0.0,0.4336301
549,1636.2426946,0.0,1636.2424858,9.4e-06,0.0,0.4336301
550,1636.2426946,0.0,1636.2424858,9.4e-06,0.0,0.4336301
551,1636.2426946,0.0,1636.2424858,9.4e-06,0.0,0.4336301
552,1636.2426946,0.0,1636.2424858,9.4e-06,0.0,0.4336301
553,1636.2426946,0.0,1636.2424858,9.4e-06,0.0,0.4336301
554,1636.2426946,0.0,1636.2424858,9.4e-06,0.0,0.4336301
555,1636.2426946,0.0,1636.2424858,9.4e-06,0.0,0.4336301
556,1636.2426946,0.0,1636.2424858,9.4e-06,0.0,0.4336301
557,2677.5154605,0.0,2677.51518,6e-06,0.0,0.7095191
558,2677.5154605,0.0,2677.51518,6e-06,0.0,0.7095191
559,2677.5154605,0.0,2677.51518,6e-06,0.0,0.7095191
560,2677.5154605,0.0,2677.51518,6e-06,0.0,0.7095191
561,2677.5154605,0.0,2677.51518,6e-06,0.0,0.7095191
562,2677.5154605,0.0,2677.51518,6e-06,0.0,0.7095191
563,2677.5154605,0.0,2677.51518,6e-06,0.0,0.7095191
564,2677.5154605,0.0,2677.51518,6e-06,0.0,0.7095191
565,2677.5154605,0.0,2677.51518,6e-06,0.0,0.7095191
566,2677.5154605,0.0,2677.51518,6e-06,0.0,0.7095191
567,2720.3357364,0.0,2720.3371883,0.0,0.0,0.7208352
568,2720.3357364,0.0,2720.3371883,0.0,0.0,0.7208352
569,2720.3357364,0.0,2720.3371883,0.0,0.0,0.7208352
570,2720.3357364,0.0,2720.3371883,0.0,0.0,0.7208352
571,2720.3357364,0.0,2720.3371883,0.0,0.0,0.7208352
572,2720.3357364,0.0,2720.3371883,0.0,0.0,0.7208352
573,2720.3357364,0.0,2720.3371883,0.0,0.0,0.7208352
574,2720.3357364,0.0,2720.3371883,0.0,0.0,0.7208352
575,2720.3357364,0.0,2720.3371883,0.0,0.0,0.7208352
576,2720.3357364,0.0,2720.3371883,0.0,0.0,0.7208352
577,2729.6873664,0.0,2729.6869201,9.4e-06,0.0,0.7233452
578,2729.6873664,0.0,2729.6869201,9.4e-06,0.0,0.7233452
579,2729.6873664,0.0,2729.6869201,9.4e-06,0.0,0.7233452
580,2729.6873664,0.0,2729.6869201,9.4e-06,0.0,0.7233452
581,2729.6873664,0.0,2729.6869201,9.4e-06,0.0,0.7233452
582,2729.6873664,0.0,2729.6869201,9.4e-06,0.0,0.7233452
583,2729.6873664,0.0,2729.6869201,9.4e-06,0.0,0.7233452
584,2729.6873664,0.0,2729.6869201,9.4e-06,0.0,0.7233452
585,2729.6873664,0.0,2729.6869201,9.4e-06,0.0,0.7233452
586,2729.6873664,0.0,2729.6869201,9.4e-06,0.0,0.7233452
587,2693.0136572,0.0,2693.0134954,6e-06,0.0,0.7136254
588,2693.0136572,0.0,2693.0134954,6e-06,0.0,0.7136254
589,2693.0136572,0.0,2693.0134954,6e-06,0.0,0.7136254
590,2693.0136572,0.0,2693.0134954,6e-06,0.0,0.7136254
591,2693.0136572,0.0,2693.0134954,6e-06,0.0,0.7136254
592,2693.0136572,0.0,2693.0134954,6e-06,0.0,0.7136254
593,2693.0136572,0.0,2693.0134954,6e-06,0.0,0.7136254
594,2693.0136572,0.0,2693.0134954,6e-06,0.0,0.7136254
595,2693.0136572,0.0,2693.0134954,6e-06,0.0,0.7136254
596,2693.0136572,0.0,2693.0134954,6e-06,0.0,0.7136254
597,2729.517746,0.0,2729.5172084,0.0,0.0,0.7233173
598,2729.517746,0.0,2729.5172084,0.0,0.0,0.7233173
599,2729.517746,0.0,2729.5172084,0.0,0.0,0.7233173
600,2729.517746,0.0,2729.5172084,0.0,0.0,0.7233173
601,2729.517746,0.0,2729.5172084,0.0,0.0,0.7233173
602,2729.517746,0.0,2729.5172084,0.0,0.0,0.7233173
603,2729.517746,0.0,2729.5172084,0.0,0.0,0.7233173
604,2729.517746,0.0,2729.5172084,0.0,0.0,0.7233173
605,2729.517746,0.0,2729.5172084,0.0,0.0,0.7233173
606,2729.517746,0.0,2729.5172084,0.0,0.0,0.7233173
607,2710.7789966,0.0,2710.7784983,9.4e-06,0.0,0.7183091
608,2710.7789966,0.0,2710.7784983,9.4e-06,0.0,0.7183091
609,2710.7789966,0.0,2710.7784983,9.4e-06,0.0,0.7183091
610,2710.7789966,0.0,2710.7784983,9.4e-06,0.0,0.7183091
611,2710.7789966,0.0,2710.7784983,9.4e-06,0.0,0.7183091
612,2710.7789966,0.0,2710.7784983,9.4e-06,0.0,0.7183091
613,2710.7789966,0.0,2710.7784983,9.4e-06,0.0,0.7183091
614,2710.7789966,0.0,2710.7784983,9.4e-06,0.0,0.7183091
615,2710.7789966,0.0,2710.7784983,9.4e-06,0.0,0.7183091
616,2710.7789966,0.0,2710.7784983,9.4e-06,0.0,0.7183091
617,2731.7647201,0.0,2731.7621342,6e-06,0.0,0.7238746
618,2731.7647201,0.0,2731.7621342,6e-06,0.0,0.7238746
619,2731.7647201,0.0,2731.7621342,6e-06,0.0,0.7238746
620,2731.7647201,0.0,2731.7621342,6e-06,0.0,0.7238746
621,2731.7647201,0.0,2731.7621342,6e-06,0.0,0.7238746
622,2731.7647201,0.0,2731.7621342,6e-06,0.0,0.7238746
623,2731.7647201,0.0,2731.7621342,6e-06,0.0,0.7238746
624,2731.7647201,0.0,2731.7621342,6e-06,0.0,0.7238746
625,2731.7647201,0.0,2731.7621342,6e-06,0.0,0.7238746
626,2731.7647201,0.0,2731.7621342,6e-06,0.0,0.7238746
627,2723.2683118,0.0,2723.2700956,3.4e-06,0.0,0.7216267
628,2723.2683118,0.0,2723.2700956,3.4e-06,0.0,0.7216267
629,2723.2683118,0.0,2723.2700956,3.4e-06,0.0,0.7216267
630,2723.2683118,0.0,2723.2700956,3.4e-06,0.0,0.7216267
631,2723.2683118,0.0,2723.2700956,3.4e-06,0.0,0.7216267
632,2723.2683118,0.0,2723.2700956,3.4e-06,0.0,0.7216267
633,2723.2683118,0.0,2723.2700956,3.4e-06,0.0,0.7216267
634,2723.2683118,0.0,2723.2700956,3.4e-06,0.0,0.7216267
635,2723.2683118,0.0,2723.2700956,3.4e-06,0.0,0.7216267
636,2723.2683118,0.0,2723.2700956,3.4e-06,0.0,0.7216267
637,1075.5929114,0.0,1075.592823,6e-06,0.0,0.2850325
638,1075.5929114,0.0,1075.592823,6e-06,0.0,0.2850325
639,1075.5929114,0.0,1075.592823,6e-06,0.0,0.2850325
640,1075.5929114,0.0,1075.592823,6e-06,0.0,0.2850325
641,1075.5929114,0.0,1075.592823,6e-06,0.0,0.2850325
642,1075.5929114,0.0,1075.592823,6e-06,0.0,0.2850325
643,1075.5929114,0.0,1075.592823,6e-06,0.0,0.2850325
644,1075.5929114,0.0,1075.592823,6e-06,0.0,0.2850325
645,1075.5929114,0.0,1075.592823,6e-06,0.0,0.2850325
646,1075.5929114,0.0,1075.592823,6e-06,0.0,0.2850325
647,0.0,0.0,6e-06,6e-06,0.0,0.0
648,0.0,0.0,6e-06,6e-06,0.0,0.0
649,0.0,0.0,6e-06,6e-06,0.0,0.0
650,0.0,0.0,6e-06,6e-06,0.0,0.0
651,0.0,0.0,6e-06,6e-06,0.0,0.0
652,0.0,0.0,6e-06,6e-06,0.0,0.0
653,0.0,0.0,6e-06,6e-06,0.0,0.0
654,0.0,0.0,6e-06,6e-06,0.0,0.0
655,0.0,0.0,6e-06,6e-06,0.0,0.0
656,0.0,0.0,6e-06,6e-06,0.0,0.0
657,0.0,0.0,0.0,0.0,0.0,0.0
658,0.0,0.0,0.0,0.0,0.0,0.0
659,0.0,0.0,0.0,0.0,0.0,0.0
660,0.0,0.0,0.0,0.0,0.0,0.0
661,0.0,0.0,0.0,0.0,0.0,0.0
662,0.0,0.0,0.0,0.0,0.0,0.0
663,0.0,0.0,0.0,0.0,0.0,0.0
664,0.0,0.0,0.0,0.0,0.0,0.0
665,0.0,0.0,0.0,0.0,0.0,0.0
666,1636.0646354,0.0,1636.0644881,6e-06,0.0,0.4329305
667,1636.0646354,0.0,1636.0644881,6e-06,0.0,0.4329305
668,1636.0646354,0.0,1636.0644881,6e-06,0.0,0.4329305
669,1636.0646354,0.0,1636.0644881,6e-06,0.0,0.4329305
670,1636.0646354,0.0,1636.0644881,6e-06,0.0,0.4329305
671,1636.0646354,0.0,1636.0644881,6e-06,0.0,0.4329305
672,1636.0646354,0.0,1636.0644881,6e-06,0.0,0.4329305
673,1636.0646354,0.0,1636.0644881,6e-06,0.0,0.4329305
674,1636.0646354,0.0,1636.0644881,6e-06,0.0,0.4329305
675,1636.0646354,0.0,1636.0644881,6e-06,0.0,0.4329305
676,2752.1700598,0.0,2752.1697428,0.0,0.0,0.7292735
677,2752.1700598,0.0,2752.1697428,0.0,0.0,0.7292735
678,2752.1700598,0.0,2752.1697428,0.0,0.0,0.7292735
679,2752.1700598,0.0,2752.1697428,0.0,0.0,0.7292735
680,2752.1700598,0.0,2752.1697428,0.0,0.0,0.7292735
681,2752.1700598,0.0,2752.1697428,0.0,0.0,0.7292735
682,2752.1700598,0.0,2752.1697428,0.0,0.0,0.7292735
683,2752.1700598,0.0,2752.1697428,0.0,0.0,0.7292735
684,2752.1700598,0.0,2752.1697428,0.0,0.0,0.7292735
685,2752.1700598,0.0,2752.1697428,0.0,0.0,0.7292735
686,2733.0978913,0.0,2733.0951216,6e-06,0.0,0.7232403
687,2733.0978913,0.0,2733.0951216,6e-06,0.0,0.7232403
688,2733.0978913,0.0,2733.0951216,6e-06,0.0,0.7232403
689,2733.0978913,0.0,2733.0951216,6e-06,0.0,0.7232403
690,2733.0978913,0.0,2733.0951216,6e-06,0.0,0.7232403
691,2733.0978913,0.0,2733.0951216,6e-06,0.0,0.7232403
692,2733.0978913,0.0,2733.0951216,6e-06,0.0,0.7232403
693,2733.0978913,0.0,2733.0951216,6e-06,0.0,0.7232403
694,2733.0978913,0.0,2733.0951216,6e-06,0.0,0.7232403
695,2733.0978913,0.0,2733.0951216,6e-06,0.0,0.7232403
696,2738.731621,0.0,2738.732937,9.4e-06,0.0,0.7257085
697,2738.731621,0.0,2738.732937,9.4e-06,0.0,0.7257085
698,2738.731621,0.0,2738.732937,9.4e-06,0.0,0.7257085
699,2738.731621,0.0,2738.732937,9.4e-06,0.0,0.7257085
700,2738.731621,0.0,2738.732937,9.4e-06,0.0,0.7257085
701,2738.731621,0.0,2738.732937,9.4e-06,0.0,0.7257085
702,2738.731621,0.0,2738.732937,9.4e-06,0.0,0.7257085
703,2738.731621,0.0,2738.732937,9.4e-06,0.0,0.7257085
704,2738.731621,0.0,2738.732937,9.4e-06,0.0,0.7257085
705,2738.731621,0.0,2738.732937,9.4e-06,0.0,0.7257085
706,2716.2649242,0.0,2716.264731,0.0,0.0,0.7197484
707,2716.2649242,0.0,2716.264731,0.0,0.0,0.7197484
708,2716.2649242,0.0,2716.264731,0.0,0.0,0.7197484
709,2716.2649242,0.0,2716.264731,0.0,0.0,0.7197484
710,2716.2649242,0.0,2716.264731,0.0,0.0,0.7197484
711,2716.2649242,0.0,2716.264731,0.0,0.0,0.7197484
712,2716.2649242,0.0,2716.264731,0.0,0.0,0.7197484
713,2716.2649242,0.0,2716.264731,0.0,0.0,0.7197484
714,2716.2649242,0.0,2716.264731,0.0,0.0,0.7197484
715,2716.2649242,0.0,2716.264731,0.0,0.0,0.7197484
716,2732.436439,0.0,2732.4352536,6e-06,0.0,0.7239209
717,2732.436439,0.0,2732.4352536,6e-06,0.0,0.7239209
718,2732.436439,0.0,2732.4352536,6e-06,0.0,0.7239209
719,2732.436439,0.0,2732.4352536,6e-06,0.0,0.7239209
720,2732.436439,0.0,2732.4352536,6e-06,0.0,0.7239209
721,2732.436439,0.0,2732.4352536,6e-06,0.0,0.7239209
722,2732.436439,0.0,2732.4352536,6e-06,0.0,0.7239209
723,2732.436439,0.0,2732.4352536,6e-06,0.0,0.7239209
724,2732.436439,0.0,2732.4352536,6e-06,0.0,0.7239209
725,2732.436439,0.0,2732.4352536,6e-06,0.0,0.7239209
726,2728.1912608,0.0,2728.1888906,9.4e-06,0.0,0.7229793
727,2728.1912608,0.0,2728.1888906,9.4e-06,0.0,0.7229793
728,2728.1912608,0.0,2728.1888906,9.4e-06,0.0,0.7229793
729,2728.1912608,0.0,2728.1888906,9.4e-06,0.0,0.7229793
730,2728.1912608,0.0,2728.1888906,9.4e-06,0.0,0.7229793
731,2728.1912608,0.0,2728.1888906,9.4e-06,0.0,0.7229793
732,2728.1912608,0.0,2728.1888906,9.4e-06,0.0,0.7229793
733,2728.1912608,0.0,2728.1888906,9.4e-06,0.0,0.7229793
734,2728.1912608,0.0,2728.1888906,9.4e-06,0.0,0.7229793
735,2728.1912608,0.0,2728.1888906,9.4e-06,0.0,0.7229793
736,2757.5324115,0.0,2757.5339232,0.0,0.0,0.7307325
737,2757.5324115,0.0,2757.5339232,0.0,0.0,0.7307325
738,2757.5324115,0.0,2757.5339232,0.0,0.0,0.7307325
739,2757.5324115,0.0,2757.5339232,0.0,0.0,0.7307325
740,2757.5324115,0.0,2757.5339232,0.0,0.0,0.7307325
741,2757.5324115,0.0,2757.5339232,0.0,0.0,0.7307325
742,2757.5324115,0.0,2757.5339232,0.0,0.0,0.7307325
743,2757.5324115,0.0,2757.5339232,0.0,0.0,0.7307325
744,2757.5324115,0.0,2757.5339232,0.0,0.0,0.7307325
745,2757.5324115,0.0,2757.5339232,0.0,0.0,0.7307325
746,2726.9578778,0.0,2726.9575879,9.4e-06,0.0,0.7225915
747,2726.9578778,0.0,2726.9575879,9.4e-06,0.0,0.7225915
748,2726.9578778,0.0,2726.9575879,9.4e-06,0.0,0.7225915
749,2726.9578778,0.0,2726.9575879,9.4e-06,0.0,0.7225915
750,2726.9578778,0.0,2726.9575879,9.4e-06,0.0,0.7225915
751,2726.9578778,0.0,2726.9575879,9.4e-06,0.0,0.7225915
752,2726.9578778,0.0,2726.9575879,9.4e-06,0.0,0.7225915
753,2726.9578778,0.0,2726.9575879,9.4e-06,0.0,0.7225915
754,2726.9578778,0.0,2726.9575879,9.4e-06,0.0,0.7225915
755,2726.9578778,0.0,2726.9575879,9.4e-06,0.0,0.7225915
756,2729.2820117,0.0,2729.2814007,6e-06,0.0,0.7232318
757,2729.2820117,0.0,2729.2814007,6e-06,0.0,0.7232318
758,2729.2820117,0.0,2729.2814007,6e-06,0.0,0.7232318
759,2729.2820117,0.0,2729.2814007,6e-06,0.0,0.7232318
760,2729.2820117,0.0,2729.2814007,6e-06,0.0,0.7232318
761,2729.2820117,0.0,2729.2814007,6e-06,0.0,0.7232318
762,2729.2820117,0.0,2729.2814007,6e-06,0.0,0.7232318
763,2729.2820117,0.0,2729.2814007,6e-06,0.0,0.7232318
764,2729.2820117,0.0,2729.2814007,6e-06,0.0,0.7232318
765,2729.2820117,0.0,2729.2814007,6e-06,0.0,0.7232318
766,2739.2272222,0.0,2739.225009,0.0,0.0,0.7259077
767,2739.2272222,0.0,2739.225009,0.0,0.0,0.7259077
768,2739.2272222,0.0,2739.225009,0.0,0.0,0.7259077
769,2739.2272222,0.0,2739.225009,0.0,0.0,0.7259077
770,2739.2272222,0.0,2739.225009,0.0,0.0,0.7259077
771,2739.2272222,0.0,2739.225009,0.0,0.0,0.7259077
772,2739.2272222,0.0,2739.225009,0.0,0.0,0.7259077
773,2739.2272222,0.0,2739.225009,0.0,0.0,0.7259077
774,2739.2272222,0.0,2739.225009,0.0,0.0,0.7259077
775,2722.3269674,0.0,2722.3290171,9.4e-06,0.0,0.7214882
776,2722.3269674,0.0,2722.3290171,9.4e-06,0.0,0.7214882
777,2722.3269674,0.0,2722.3290171,9.4e-06,0.0,0.7214882
778,2722.3269674,0.0,2722.3290171,9.4e-06,0.0,0.7214882
779,2722.3269674,0.0,2722.3290171,9.4e-06,0.0,0.7214882
780,2722.3269674,0.0,2722.3290171,9.4e-06,0.0,0.7214882
781,2722.3269674,0.0,2722.3290171,9.4e-06,0.0,0.7214882
782,2722.3269674,0.0,2722.3290171,9.4e-06,0.0,0.7214882
783,2722.3269674,0.0,2722.3290171,9.4e-06,0.0,0.7214882
784,2722.3269674,0.0,2722.3290171,9.4e-06,0.0,0.7214882
785,2734.4817484,0.0,2734.4800964,6e-06,0.0,0.7246345
786,2734.4817484,0.0,2734.4800964,6e-06,0.0,0.7246345
787,2734.4817484,0.0,2734.4800964,6e-06,0.0,0.7246345
788,2734.4817484,0.0,2734.4800964,6e-06,0.0,0.7246345
789,2734.4817484,0.0,2734.4800964,6e-06,0.0,0.7246345
790,2734.4817484,0.0,2734.4800964,6e-06,0.0,0.7246345
791,2734.4817484,0.0,2734.4800964,6e-06,0.0,0.7246345
792,2734.4817484,0.0,2734.4800964,6e-06,0.0,0.7246345
793,2734.4817484,0.0,2734.4800964,6e-06,0.0,0.7246345
794,2734.4817484,0.0,2734.4800964,6e-06,0.0,0.7246345
795,2747.0659548,0.0,2747.0664086,0.0,0.0,0.7279092
796,2747.0659548,0.0,2747.0664086,0.0,0.0,0.7279092
797,2747.0659548,0.0,2747.0664086,0.0,0.0,0.7279092
798,2747.0659548,0.0,2747.0664086,0.0,0.0,0.7279092
799,2747.0659548,0.0,2747.0664086,0.0,0.0,0.7279092
800,2747.0659548,0.0,2747.0664086,0.0,0.0,0.7279092
801,2747.0659548,0.0,2747.0664086,0.0,0.0,0.7279092
802,2747.0659548,0.0,2747.0664086,0.0,0.0,0.7279092
803,2747.0659548,0.0,2747.0664086,0.0,0.0,0.7279092
804,2747.0659548,0.0,2747.0664086,0.0,0.0,0.7279092
805,2695.0524069,0.0,2695.0506796,6e-06,0.0,0.7141646
806,2695.0524069,0.0,2695.0506796,6e-06,0.0,0.7141646
807,2695.0524069,0.0,2695.0506796,6e-06,0.0,0.7141646
808,2695.0524069,0.0,2695.0506796,6e-06,0.0,0.7141646
809,2695.0524069,0.0,2695.0506796,6e-06,0.0,0.7141646
810,2695.0524069,0.0,2695.0506796,6e-06,0.0,0.7141646
811,2695.0524069,0.0,2695.0506796,6e-06,0.0,0.7141646
812,2695.0524069,0.0,2695.0506796,6e-06,0.0,0.7141646
813,2695.0524069,0.0,2695.0506796,6e-06,0.0,0.7141646
814,2695.0524069,0.0,2695.0506796,6e-06,0.0,0.7141646
815,2739.9698066,0.0,2739.9685072,6e-06,0.0,0.7260602
816,2739.9698066,0.0,2739.9685072,6e-06,0.0,0.7260602
817,2739.9698066,0.0,2739.9685072,6e-06,0.0,0.7260602
818,2739.9698066,0.0,2739.9685072,6e-06,0.0,0.7260602
819,2739.9698066,0.0,2739.9685072,6e-06,0.0,0.7260602
820,2739.9698066,0.0,2739.9685072,6e-06,0.0,0.7260602
821,2739.9698066,0.0,2739.9685072,6e-06,0.0,0.7260602
822,2739.9698066,0.0,2739.9685072,6e-06,0.0,0.7260602
823,2739.9698066,0.0,2739.9685072,6e-06,0.0,0.7260602
824,2739.9698066,0.0,2739.9685072,6e-06,0.0,0.7260602
825,2738.9879764,0.0,2738.9899202,3.4e-06,0.0,0.7258375
826,2738.9879764,0.0,2738.9899202,3.4e-06,0.0,0.7258375
827,2738.9879764,0.0,2738.9899202,3.4e-06,0.0,0.7258375
828,2738.9879764,0.0,2738.9899202,3.4e-06,0.0,0.7258375
829,2738.9879764,0.0,2738.9899202,3.4e-06,0.0,0.7258375
830,2738.9879764,0.0,2738.9899202,3.4e-06,0.0,0.7258375
831,2738.9879764,0.0,2738.9899202,3.4e-06,0.0,0.7258375
832,2738.9879764,0.0,2738.9899202,3.4e-06,0.0,0.7258375
833,2738.9879764,0.0,2738.9899202,3.4e-06,0.0,0.7258375
834,2738.9879764,0.0,2738.9899202,3.4e-06,0.0,0.7258375
835,2716.6523363,0.0,2716.6523347,6e-06,0.0,0.7197932
836,2716.6523363,0.0,2716.6523347,6e-06,0.0,0.7197932
837,2716.6523363,0.0,2716.6523347,6e-06,0.0,0.7197932
838,2716.6523363,0.0,2716.6523347,6e-06,0.0,0.7197932
839,2716.6523363,0.0,2716.6523347,6e-06,0.0,0.7197932
840,2716.6523363,0.0,2716.6523347,6e-06,0.0,0.7197932
841,2716.6523363,0.0,2716.6523347,6e-06,0.0,0.7197932
842,2716.6523363,0.0,2716.6523347,6e-06,0.0,0.7197932
843,2716.6523363,0.0,2716.6523347,6e-06,0.0,0.7197932
844,2716.6523363,0.0,2716.6523347,6e-06,0.0,0.7197932
845,1088.6112984,0.0,1088.6105272,6e-06,0.0,0.288526
846,1088.6112984,0.0,1088.6105272,6e-06,0.0,0.288526
847,1088.6112984,0.0,1088.6105272,6e-06,0.0,0.288526
848,1088.6112984,0.0,1088.6105272,6e-06,0.0,0.288526
849,1088.6112984,0.0,1088.6105272,6e-06,0.0,0.288526
850,1088.6112984,0.0,1088.6105272,6e-06,0.0,0.288526
851,1088.6112984,0.0,1088.6105272,6e-06,0.0,0.288526
852,1088.6112984,0.0,1088.6105272,6e-06,0.0,0.288526
853,1088.6112984,0.0,1088.6105272,6e-06,0.0,0.288526
854,1088.6112984,0.0,1088.6105272,6e-06,0.0,0.288526
855,0.0,0.0,0.0,0.0,0.0,0.0
856,0.0,0.0,0.0,0.0,0.0,0.0
857,0.0,0.0,0.0,0.0,0.0,0.0
858,0.0,0.0,0.0,0.0,0.0,0.0
859,0.0,0.0,0.0,0.0,0.0,0.0
860,0.0,0.0,0.0,0.0,0.0,0.0
861,0.0,0.0,0.0,0.0,0.0,0.0
862,0.0,0.0,0.0,0.0,0.0,0.0
863,0.0,0.0,0.0,0.0,0.0,0.0
864,0.0,0.0,0.0,0.0,0.0,0.0
865,0.0,0.0,6e-06,6e-06,0.0,0.0
866,0.0,0.0,6e-06,6e-06,0.0,0.0
867,0.0,0.0,6e-06,6e-06,0.0,0.0
868,0.0,0.0,6e-06,6e-06,0.0,0.0
869,0.0,0.0,6e-06,6e-06,0.0,0.0
870,0.0,0.0,6e-06,6e-06,0.0,0.0
871,0.0,0.0,6e-06,6e-06,0.0,0.0
872,0.0,0.0,6e-06,6e-06,0.0,0.0
873,0.0,0.0,6e-06,6e-06,0.0,0.0
874,0.0,0.0,6e-06,6e-06,0.0,0.0
875,0.0,0.0,6e-06,6e-06,0.0,0.0
876,0.0,0.0,6e-06,6e-06,0.0,0.0
877,0.0,0.0,6e-06,6e-06,0.0,0.0
878,0.0,0.0,6e-06,6e-06,0.0,0.0
879,0.0,0.0,6e-06,6e-06,0.0,0.0
880,0.0,0.0,6e-06,6e-06,0.0,0.0
881,0.0,0.0,6e-06,6e-06,0.0,0.0
882,0.0,0.0,6e-06,6e-06,0.0,0.0
883,0.0,0.0,6e-06,6e-06,0.0,0.0
884,0.0,0.0,6e-06,6e-06,0.0,0.0
885,1631.7242092,0.0,1631.7233451,3.4e-06,0.0,0.4315787
886,1631.7242092,0.0,1631.7233451,3.4e-06,0.0,0.4315787
887,1631.7242092,0.0,1631.7233451,3.4e-06,0.0,0.4315787
888,1631.7242092,0.0,1631.7233451,3.4e-06,0.0,0.4315787
889,1631.7242092,0.0,1631.7233451,3.4e-06,0.0,0.4315787
890,1631.7242092,0.0,1631.7233451,3.4e-06,0.0,0.4315787
891,1631.7242092,0.0,1631.7233451,3.4e-06,0.0,0.4315787
892,1631.7242092,0.0,1631.7233451,3.4e-06,0.0,0.4315787
893,1631.7242092,0.0,1631.7233451,3.4e-06,0.0,0.4315787
894,2738.9448942,0.0,2738.9452236,6e-06,0.0,0.7253494
895,2738.9448942,0.0,2738.9452236,6e-06,0.0,0.7253494
896,2738.9448942,0.0,2738.9452236,6e-06,0.0,0.7253494
897,2738.9448942,0.0,2738.9452236,6e-06,0.0,0.7253494
898,2738.9448942,0.0,2738.9452236,6e-06,0.0,0.7253494
899,2738.9448942,0.0,2738.9452236,6e-06,0.0,0.7253494
900,2738.9448942,0.0,2738.9452236,6e-06,0.0,0.7253494
901,2738.9448942,0.0,2738.9452236,6e-06,0.0,0.7253494
902,2738.9448942,0.0,2738.9452236,6e-06,0.0,0.7253494
903,2738.9448942,0.0,2738.9452236,6e-06,0.0,0.7253494
904,2770.331492,0.0,2770.3312177,6e-06,0.0,0.7340852
905,2770.331492,0.0,2770.3312177,6e-06,0.0,0.7340852
906,2770.331492,0.0,2770.3312177,6e-06,0.0,0.7340852
907,2770.331492,0.0,2770.3312177,6e-06,0.0,0.7340852
908,2770.331492,0.0,2770.3312177,6e-06,0.0,0.7340852
909,2770.331492,0.0,2770.3312177,6e-06,0.0,0.7340852
910,2770.331492,0.0,2770.3312177,6e-06,0.0,0.7340852
911,2770.331492,0.0,2770.3312177,6e-06,0.0,0.7340852
912,2770.331492,0.0,2770.3312177,6e-06,0.0,0.7340852
913,2770.331492,0.0,2770.3312177,6e-06,0.0,0.7340852
914,2734.1815185,0.0,2734.1807189,3.4e-06,0.0,0.7244359
915,2734.1815185,0.0,2734.1807189,3.4e-06,0.0,0.7244359
916,2734.1815185,0.0,2734.1807189,3.4e-06,0.0,0.7244359
917,2734.1815185,0.0,2734.1807189,3.4e-06,0.0,0.7244359
918,2734.1815185,0.0,2734.1807189,3.4e-06,0.0,0.7244359
919,2734.1815185,0.0,2734.1807189,3.4e-06,0.0,0.7244359
920,2734.1815185,0.0,2734.1807189,3.4e-06,0.0,0.7244359
921,2734.1815185,0.0,2734.1807189,3.4e-06,0.0,0.7244359
922,2734.1815185,0.0,2734.1807189,3.4e-06,0.0,0.7244359
923,2734.1815185,0.0,2734.1807189,3.4e-06,0.0,0.7244359
924,2755.8992144,0.0,2755.8972888,6e-06,0.0,0.7302942
925,2755.8992144,0.0,2755.8972888,6e-06,0.0,0.7302942
926,2755.8992144,0.0,2755.8972888,6e-06,0.0,0.7302942
927,2755.8992144,0.0,2755.8972888,6e-06,0.0,0.7302942
928,2755.8992144,0.0,2755.8972888,6e-06,0.0,0.7302942
929,2755.8992144,0.0,2755.8972888,6e-06,0.0,0.7302942
930,2755.8992144,0.0,2755.8972888,6e-06,0.0,0.7302942
931,2755.8992144,0.0,2755.8972888,6e-06,0.0,0.7302942
932,2755.8992144,0.0,2755.8972888,6e-06,0.0,0.7302942
933,2755.8992144,0.0,2755.8972888,6e-06,0.0,0.7302942
934,2762.162771,0.0,2762.1626826,6e-06,0.0,0.7320072
935,2762.162771,0.0,2762.1626826,6e-06,0.0,0.7320072
936,2762.162771,0.0,2762.1626826,6e-06,0.0,0.7320072
937,2762.162771,0.0,2762.1626826,6e-06,0.0,0.7320072
938,2762.162771,0.0,2762.1626826,6e-06,0.0,0.7320072
939,2762.162771,0.0,2762.1626826,6e-06,0.0,0.7320072
940,2762.162771,0.0,2762.1626826,6e-06,0.0,0.7320072
941,2762.162771,0.0,2762.1626826,6e-06,0.0,0.7320072
942,2762.162771,0.0,2762.1626826,6e-06,0.0,0.7320072
943,2762.162771,0.0,2762.1626826,6e-06,0.0,0.7320072
944,2740.5476488,0.0,2740.5490832,3.4e-06,0.0,0.7262675
945,2740.5476488,0.0,2740.5490832,3.4e-06,0.0,0.7262675
946,2740.5476488,0.0,2740.5490832,3.4e-06,0.0,0.7262675
947,2740.5476488,0.0,2740.5490832,3.4e-06,0.0,0.7262675
948,2740.5476488,0.0,2740.5490832,3.4e-06,0.0,0.7262675
949,2740.5476488,0.0,2740.5490832,3.4e-06,0.0,0.7262675
950,2740.5476488,0.0,2740.5490832,3.4e-06,0.0,0.7262675
951,2740.5476488,0.0,2740.5490832,3.4e-06,0.0,0.7262675
952,2740.5476488,0.0,2740.5490832,3.4e-06,0.0,0.7262675
953,2740.5476488,0.0,2740.5490832,3.4e-06,0.0,0.7262675
954,2714.3776853,0.0,2714.3748992,6e-06,0.0,0.7192341
955,2714.3776853,0.0,2714.3748992,6e-06,0.0,0.7192341
956,2714.3776853,0.0,2714.3748992,6e-06,0.0,0.7192341
957,2714.3776853,0.0,2714.3748992,6e-06,0.0,0.7192341
958,2714.3776853,0.0,2714.3748992,6e-06,0.0,0.7192341
959,2714.3776853,0.0,2714.3748992,6e-06,0.0,0.7192341
960,2714.3776853,0.0,2714.3748992,6e-06,0.0,0.7192341
961,2714.3776853,0.0,2714.3748992,6e-06,0.0,0.7192341
962,2714.3776853,0.0,2714.3748992,6e-06,0.0,0.7192341
963,2714.3776853,0.0,2714.3748992,6e-06,0.0,0.7192341
964,2766.5494583,0.0,2766.5513026,6e-06,0.0,0.7328245
965,2766.5494583,0.0,2766.5513026,6e-06,0.0,0.7328245
966,2766.5494583,0.0,2766.5513026,6e-06,0.0,0.7328245
967,2766.5494583,0.0,2766.5513026,6e-06,0.0,0.7328245
968,2766.5494583,0.0,2766.5513026,6e-06,0.0,0.7328245
969,2766.5494583,0.0,2766.5513026,6e-06,0.0,0.7328245
970,2766.5494583,0.0,2766.5513026,6e-06,0.0,0.7328245
971,2766.5494583,0.0,2766.5513026,6e-06,0.0,0.7328245
972,2766.5494583,0.0,2766.5513026,6e-06,0.0,0.7328245
973,2766.5494583,0.0,2766.5513026,6e-06,0.0,0.7328245
974,2715.1969941,0.0,2715.1963014,0.0,0.0,0.719505
975,2715.1969941,0.0,2715.1963014,0.0,0.0,0.719505
976,2715.1969941,0.0,2715.1963014,0.0,0.0,0.719505
977,2715.1969941,0.0,2715.1963014,0.0,0.0,0.719505
978,2715.1969941,0.0,2715.1963014,0.0,0.0,0.719505
979,2715.1969941,0.0,2715.1963014,0.0,0.0,0.719505
980,2715.1969941,0.0,2715.1963014,0.0,0.0,0.719505
981,2715.1969941,0.0,2715.1963014,0.0,0.0,0.719505
982,2715.1969941,0.0,2715.1963014,0.0,0.0,0.719505
983,2715.1969941,0.0,2715.1963014,0.0,0.0,0.719505
984,2729.5416767,0.0,2729.5412457,6e-06,0.0,0.7232453
985,2729.5416767,0.0,2729.5412457,6e-06,0.0,0.7232453
986,2729.5416767,0.0,2729.5412457,6e-06,0.0,0.7232453
987,2729.5416767,0.0,2729.5412457,6e-06,0.0,0.7232453
988,2729.5416767,0.0,2729.5412457,6e-06,0.0,0.7232453
989,2729.5416767,0.0,2729.5412457,6e-06,0.0,0.7232453
990,2729.5416767,0.0,2729.5412457,6e-06,0.0,0.7232453
991,2729.5416767,0.0,2729.5412457,6e-06,0.0,0.7232453
992,2729.5416767,0.0,2729.5412457,6e-06,0.0,0.7232453
993,2729.5416767,0.0,2729.5412457,6e-06,0.0,0.7232453
994,2718.965744,0.0,2718.9654098,9.4e-06,0.0,0.720248
995,2718.965744,0.0,2718.9654098,9.4e-06,0.0,0.720248
996,2718.965744,0.0,2718.9654098,9.4e-06,0.0,0.720248
997,2718.965744,0.0,2718.9654098,9.4e-06,0.0,0.720248
998,2718.965744,0.0,2718.9654098,9.4e-06,0.0,0.720248
999,2718.965744,0.0,2718.9654098,9.4e-06,0.0,0.720248
1000,2718.965744,0.0,2718.9654098,9.4e-06,0.0,0.720248
1001,2718.965744,0.0,2718.9654098,9.4e-06,0.0,0.720248
1002,2718.965744,0.0,2718.9654098,9.4e-06,0.0,0.720248
1003,2709.0041015,0.0,2709.0034517,0.0,0.0,0.7165822
1004,2709.0041015,0.0,2709.0034517,0.0,0.0,0.7165822
1005,2709.0041015,0.0,2709.0034517,0.0,0.0,0.7165822
1006,2709.0041015,0.0,2709.0034517,0.0,0.0,0.7165822
1007,2709.0041015,0.0,2709.0034517,0.0,0.0,0.7165822
1008,2709.0041015,0.0,2709.0034517,0.0,0.0,0.7165822
1009,2709.0041015,0.0,2709.0034517,0.0,0.0,0.7165822
1010,2709.0041015,0.0,2709.0034517,0.0,0.0,0.7165822
1011,2709.0041015,0.0,2709.0034517,0.0,0.0,0.7165822
1012,2709.0041015,0.0,2709.0034517,0.0,0.0,0.7165822
1013,2745.9164513,0.0,2745.9161126,6e-06,0.0,0.7276499
1014,2745.9164513,0.0,2745.9161126,6e-06,0.0,0.7276499
1015,2745.9164513,0.0,2745.9161126,6e-06,0.0,0.7276499
1016,2745.9164513,0.0,2745.9161126,6e-06,0.0,0.7276499
1017,2745.9164513,0.0,2745.9161126,6e-06,0.0,0.7276499
1018,2745.9164513,0.0,2745.9161126,6e-06,0.0,0.7276499
1019,2745.9164513,0.0,2745.9161126,6e-06,0.0,0.7276499
1020,2745.9164513,0.0,2745.9161126,6e-06,0.0,0.7276499
1021,2745.9164513,0.0,2745.9161126,6e-06,0.0,0.7276499
1022,2745.9164513,0.0,2745.9161126,6e-06,0.0,0.7276499
1023,2734.1701969,0.0,2734.1699565,9.4e-06,0.0,0.7239748
1024,2734.1701969,0.0,2734.1699565,9.4e-06,0.0,0.7239748
1025,2734.1701969,0.0,2734.1699565,9.4e-06,0.0,0.7239748
1026,2734.1701969,0.0,2734.1699565,9.4e-06,0.0,0.7239748
1027,2734.1701969,0.0,2734.1699565,9.4e-06,0.0,0.7239748
1028,2734.1701969,0.0,2734.1699565,9.4e-06,0.0,0.7239748
1029,2734.1701969,0.0,2734.1699565,9.4e-06,0.0,0.7239748
1030,2734.1701969,0.0,2734.1699565,9.4e-06,0.0,0.7239748
1031,2734.1701969,0.0,2734.1699565,9.4e-06,0.0,0.7239748
1032,2734.1701969,0.0,2734.1699565,9.4e-06,0.0,0.7239748
1033,2731.8163592,0.0,2731.816401,0.0,0.0,0.7239726
1034,2731.8163592,0.0,2731.816401,0.0,0.0,0.7239726
1035,2731.8163592,0.0,2731.816401,0.0,0.0,0.7239726
1036,2731.8163592,0.0,2731.816401,0.0,0.0,0.7239726
1037,2731.8163592,0.0,2731.816401,0.0,0.0,0.7239726
1038,2731.8163592,0.0,2731.816401,0.0,0.0,0.7239726
1039,2731.8163592,0.0,2731.816401,0.0,0.0,0.7239726
1040,2731.8163592,0.0,2731.816401,0.0,0.0,0.7239726
1041,2731.8163592,0.0,2731.816401,0.0,0.0,0.7239726
1042,2731.8163592,0.0,2731.816401,0.0,0.0,0.7239726
1043,2718.1329548,0.0,2718.1322548,9.4e-06,0.0,0.7202478
1044,2718.1329548,0.0,2718.1322548,9.4e-06,0.0,0.7202478
1045,2718.1329548,0.0,2718.1322548,9.4e-06,0.0,0.7202478
1046,2718.1329548,0.0,2718.1322548,9.4e-06,0.0,0.7202478
1047,2718.1329548,0.0,2718.1322548,9.4e-06,0.0,0.7202478
1048,2718.1329548,0.0,2718.1322548,9.4e-06,0.0,0.7202478
1049,2718.1329548,0.0,2718.1322548,9.4e-06,0.0,0.7202478
1050,2718.1329548,0.0,2718.1322548,9.4e-06,0.0,0.7202478
1051,2718.1329548,0.0,2718.1322548,9.4e-06,0.0,0.7202478
1052,2718.1329548,0.0,2718.1322548,9.4e-06,0.0,0.7202478
1053,2723.3859831,0.0,2723.3837323,6e-06,0.0,0.7216619
1054,2723.3859831,0.0,2723.3837323,6e-06,0.0,0.7216619
1055,2723.3859831,0.0,2723.3837323,6e-06,0.0,0.7216619
1056,2723.3859831,0.0,2723.3837323,6e-06,0.0,0.7216619
1057,2723.3859831,0.0,2723.3837323,6e-06,0.0,0.7216619
1058,2723.3859831,0.0,2723.3837323,6e-06,0.0,0.7216619
1059,2723.3859831,0.0,2723.3837323,6e-06,0.0,0.7216619
1060,2723.3859831,0.0,2723.3837323,6e-06,0.0,0.7216619
1061,2723.3859831,0.0,2723.3837323,6e-06,0.0,0.7216619
1062,2723.3859831,0.0,2723.3837323,6e-06,0.0,0.7216619
1063,2732.7796902,0.0,2732.7795605,0.0,0.0,0.7241871
1064,2732.7796902,0.0,2732.7795605,0.0,0.0,0.7241871
1065,2732.7796902,0.0,2732.7795605,0.0,0.0,0.7241871
1066,2732.7796902,0.0,2732.7795605,0.0,0.0,0.7241871
1067,2732.7796902,0.0,2732.7795605,0.0,0.0,0.7241871
1068,2732.7796902,0.0,2732.7795605,0.0,0.0,0.7241871
1069,2732.7796902,0.0,2732.7795605,0.0,0.0,0.7241871
1070,2732.7796902,0.0,2732.7795605,0.0,0.0,0.7241871
1071,2732.7796902,0.0,2732.7795605,0.0,0.0,0.7241871
1072,2732.7796902,0.0,2732.7795605,0.0,0.0,0.7241871
1073,2718.5588877,0.0,2718.5599239,9.4e-06,0.0,0.7205103
1074,2718.5588877,0.0,2718.5599239,9.4e-06,0.0,0.7205103
1075,2718.5588877,0.0,2718.5599239,9.4e-06,0.0,0.7205103
1076,2718.5588877,0.0,2718.5599239,9.4e-06,0.0,0.7205103
1077,2718.5588877,0.0,2718.5599239,9.4e-06,0.0,0.7205103
1078,2718.5588877,0.0,2718.5599239,9.4e-06,0.0,0.7205103
1079,2718.5588877,0.0,2718.5599239,9.4e-06,0.0,0.7205103
1080,2718.5588877,0.0,2718.5599239,9.4e-06,0.0,0.7205103
1081,2718.5588877,0.0,2718.5599239,9.4e-06,0.0,0.7205103
1082,2718.5588877,0.0,2718.5599239,9.4e-06,0.0,0.7205103
1083,2756.723287,0.0,2756.7233175,6e-06,0.0,0.7305217
1084,2756.723287,0.0,2756.7233175,6e-06,0.0,0.7305217
1085,2756.723287,0.0,2756.7233175,6e-06,0.0,0.7305217
1086,2756.723287,0.0,2756.7233175,6e-06,0.0,0.7305217
1087,2756.723287,0.0,2756.7233175,6e-06,0.0,0.7305217
1088,2756.723287,0.0,2756.7233175,6e-06,0.0,0.7305217
1089,2756.723287,0.0,2756.7233175,6e-06,0.0,0.7305217
1090,2756.723287,0.0,2756.7233175,6e-06,0.0,0.7305217
1091,2756.723287,0.0,2756.7233175,6e-06,0.0,0.7305217
1092,2756.723287,0.0,2756.7233175,6e-06,0.0,0.7305217
1093,2731.4481867,0.0,2731.4475476,0.0,0.0,0.7238185
1094,2731.4481867,0.0,2731.4475476,0.0,0.0,0.7238185
1095,2731.4481867,0.0,2731.4475476,0.0,0.0,0.7238185
1096,2731.4481867,0.0,2731.4475476,0.0,0.0,0.7238185
1097,2731.4481867,0.0,2731.4475476,0.0,0.0,0.7238185
1098,2731.4481867,0.0,2731.4475476,0.0,0.0,0.7238185
1099,2731.4481867,0.0,2731.4475476,0.0,0.0,0.7238185
1100,2731.4481867,0.0,2731.4475476,0.0,0.0,0.7238185
1101,2731.4481867,0.0,2731.4475476,0.0,0.0,0.7238185
1102,2731.4481867,0.0,2731.4475476,0.0,0.0,0.7238185
1103,2720.2684808,0.0,2720.268304,9.4e-06,0.0,0.7208623
1104,2720.2684808,0.0,2720.268304,9.4e-06,0.0,0.7208623
1105,2720.2684808,0.0,2720.268304,9.4e-06,0.0,0.7208623
1106,2720.2684808,0.0,2720.268304,9.4e-06,0.0,0.7208623
1107,2720.2684808,0.0,2720.268304,9.4e-06,0.0,0.7208623
1108,2720.2684808,0.0,2720.268304,9.4e-06,0.0,0.7208623
1109,2720.2684808,0.0,2720.268304,9.4e-06,0.0,0.7208623
1110,2720.2684808,0.0,2720.268304,9.4e-06,0.0,0.7208623
1111,2720.2684808,0.0,2720.268304,9.4e-06,0.0,0.7208623
1112,2742.1320644,0.0,2742.1309392,6e-06,0.0,0.7262862
1113,2742.1320644,0.0,2742.1309392,6e-06,0.0,0.7262862
1114,2742.1320644,0.0,2742.1309392,6e-06,0.0,0.7262862
1115,2742.1320644,0.0,2742.1309392,6e-06,0.0,0.7262862
1116,2742.1320644,0.0,2742.1309392,6e-06,0.0,0.7262862
1117,2742.1320644,0.0,2742.1309392,6e-06,0.0,0.7262862
1118,2742.1320644,0.0,2742.1309392,6e-06,0.0,0.7262862
1119,2742.1320644,0.0,2742.1309392,6e-06,0.0,0.7262862
1120,2742.1320644,0.0,2742.1309392,6e-06,0.0,0.7262862
1121,2742.1320644,0.0,2742.1309392,6e-06,0.0,0.7262862
1122,2724.8008846,0.0,2724.8011303,0.0,0.0,0.7220686
1123,2724.8008846,0.0,2724.8011303,0.0,0.0,0.7220686
1124,2724.8008846,0.0,2724.8011303,0.0,0.0,0.7220686
1125,2724.8008846,0.0,2724.8011303,0.0,0.0,0.7220686
1126,2724.8008846,0.0,2724.8011303,0.0,0.0,0.7220686
1127,2724.8008846,0.0,2724.8011303,0.0,0.0,0.7220686
1128,2724.8008846,0.0,2724.8011303,0.0,0.0,0.7220686
1129,2724.8008846,0.0,2724.8011303,0.0,0.0,0.7220686
1130,2724.8008846,0.0,2724.8011303,0.0,0.0,0.7220686
1131,2724.8008846,0.0,2724.8011303,0.0,0.0,0.7220686
1132,2721.8359098,0.0,2721.8351532,6e-06,0.0,0.721325
1133,2721.8359098,0.0,2721.8351532,6e-06,0.0,0.721325
1134,2721.8359098,0.0,2721.8351532,6e-06,0.0,0.721325
1135,2721.8359098,0.0,2721.8351532,6e-06,0.0,0.721325
1136,2721.8359098,0.0,2721.8351532,6e-06,0.0,0.721325
1137,2721.8359098,0.0,2721.8351532,6e-06,0.0,0.721325
1138,2721.8359098,0.0,2721.8351532,6e-06,0.0,0.721325
1139,2721.8359098,0.0,2721.8351532,6e-06,0.0,0.721325
1140,2721.8359098,0.0,2721.8351532,6e-06,0.0,0.721325
1141,2721.8359098,0.0,2721.8351532,6e-06,0.0,0.721325
1142,2765.4026253,0.0,2765.4024186,6e-06,0.0,0.7328161
1143,2765.4026253,0.0,2765.4024186,6e-06,0.0,0.7328161
1144,2765.4026253,0.0,2765.4024186,6e-06,0.0,0.7328161
1145,2765.4026253,0.0,2765.4024186,6e-06,0.0,0.7328161
1146,2765.4026253,0.0,2765.4024186,6e-06,0.0,0.7328161
1147,2765.4026253,0.0,2765.4024186,6e-06,0.0,0.7328161
1148,2765.4026253,0.0,2765.4024186,6e-06,0.0,0.7328161
1149,2765.4026253,0.0,2765.4024186,6e-06,0.0,0.7328161
1150,2765.4026253,0.0,2765.4024186,6e-06,0.0,0.7328161
1151,2765.4026253,0.0,2765.4024186,6e-06,0.0,0.7328161
1152,2694.2998563,0.0,2694.2974553,3.4e-06,0.0,0.7140408
1153,2694.2998563,0.0,2694.2974553,3.4e-06,0.0,0.7140408
1154,2694.2998563,0.0,2694.2974553,3.4e-06,0.0,0.7140408
1155,2694.2998563,0.0,2694.2974553,3.4e-06,0.0,0.7140408
1156,2694.2998563,0.0,2694.2974553,3.4e-06,0.0,0.7140408
1157,2694.2998563,0.0,2694.2974553,3.4e-06,0.0,0.7140408
1158,2694.2998563,0.0,2694.2974553,3.4e-06,0.0,0.7140408
1159,2694.2998563,0.0,2694.2974553,3.4e-06,0.0,0.7140408
1160,2694.2998563,0.0,2694.2974553,3.4e-06,0.0,0.7140408
1161,2694.2998563,0.0,2694.2974553,3.4e-06,0.0,0.7140408
1162,2721.3002368,0.0,2721.3013749,6e-06,0.0,0.7211214
1163,2721.3002368,0.0,2721.3013749,6e-06,0.0,0.7211214
1164,2721.3002368,0.0,2721.3013749,6e-06,0.0,0.7211214
1165,2721.3002368,0.0,2721.3013749,6e-06,0.0,0.7211214
1166,2721.3002368,0.0,2721.3013749,6e-06,0.0,0.7211214
1167,2721.3002368,0.0,2721.3013749,6e-06,0.0,0.7211214
1168,2721.3002368,0.0,2721.3013749,6e-06,0.0,0.7211214
1169,2721.3002368,0.0,2721.3013749,6e-06,0.0,0.7211214
1170,2721.3002368,0.0,2721.3013749,6e-06,0.0,0.7211214
1171,2721.3002368,0.0,2721.3013749,6e-06,0.0,0.7211214
1172,2756.1318028,0.0,2756.1318819,6e-06,0.0,0.7302437
1173,2756.1318028,0.0,2756.1318819,6e-06,0.0,0.7302437
1174,2756.1318028,0.0,2756.1318819,6e-06,0.0,0.7302437
1175,2756.1318028,0.0,2756.1318819,6e-06,0.0,0.7302437
1176,2756.1318028,0.0,2756.1318819,6e-06,0.0,0.7302437
1177,2756.1318028,0.0,2756.1318819,6e-06,0.0,0.7302437
1178,2756.1318028,0.0,2756.1318819,6e-06,0.0,0.7302437
1179,2756.1318028,0.0,2756.1318819,6e-06,0.0,0.7302437
1180,2756.1318028,0.0,2756.1318819,6e-06,0.0,0.7302437
1181,2756.1318028,0.0,2756.1318819,6e-06,0.0,0.7302437
1182,2699.5490489,0.0,2699.5487067,0.0,0.0,0.7149893
1183,2699.5490489,0.0,2699.5487067,0.0,0.0,0.7149893
1184,2699.5490489,0.0,2699.5487067,0.0,0.0,0.7149893
1185,2699.5490489,0.0,2699.5487067,0.0,0.0,0.7149893
1186,2699.5490489,0.0,2699.5487067,0.0,0.0,0.7149893
1187,2699.5490489,0.0,2699.5487067,0.0,0.0,0.7149893
1188,2699.5490489,0.0,2699.5487067,0.0,0.0,0.7149893
1189,2699.5490489,0.0,2699.5487067,0.0,0.0,0.7149893
1190,2699.5490489,0.0,2699.5487067,0.0,0.0,0.7149893
1191,2699.5490489,0.0,2699.5487067,0.0,0.0,0.7149893
1192,2034.6416928,0.0,2034.6422032,6e-06,0.0,0.5359892
1193,2034.6416928,0.0,2034.6422032,6e-06,0.0,0.5359892
1194,2034.6416928,0.0,2034.6422032,6e-06,0.0,0.5359892
1195,2034.6416928,0.0,2034.6422032,6e-06,0.0,0.5359892
1196,2034.6416928,0.0,2034.6422032,6e-06,0.0,0.5359892
1197,2034.6416928,0.0,2034.6422032,6e-06,0.0,0.5359892
1198,2034.6416928,0.0,2034.6422032,6e-06,0.0,0.5359892
1199,2034.6416928,0.0,2034.6422032,6e-06,0.0,0.5359892
1200,2034.6416928,0.0,2034.6422032,6e-06,0.0,0.5359892
1201,2034.6416928,0.0,2034.6422032,6e-06,0.0,0.5359892
1202,2653.1022165,0.0,2653.1001867,9.4e-06,0.0,0.7030166
1203,2653.1022165,0.0,2653.1001867,9.4e-06,0.0,0.7030166
1204,2653.1022165,0.0,2653.1001867,9.4e-06,0.0,0.7030166
1205,2653.1022165,0.0,2653.1001867,9.4e-06,0.0,0.7030166
1206,2653.1022165,0.0,2653.1001867,9.4e-06,0.0,0.7030166
1207,2653.1022165,0.0,2653.1001867,9.4e-06,0.0,0.7030166
1208,2653.1022165,0.0,2653.1001867,9.4e-06,0.0,0.7030166
1209,2653.1022165,0.0,2653.1001867,9.4e-06,0.0,0.7030166
1210,2653.1022165,0.0,2653.1001867,9.4e-06,0.0,0.7030166
1211,2562.4584758,0.0,2562.4575715,0.0,0.0,0.6781196
1212,2562.4584758,0.0,2562.4575715,0.0,0.0,0.6781196
1213,2562.4584758,0.0,2562.4575715,0.0,0.0,0.6781196
1214,2562.4584758,0.0,2562.4575715,0.0,0.0,0.6781196
1215,2562.4584758,0.0,2562.4575715,0.0,0.0,0.6781196
1216,2562.4584758,0.0,2562.4575715,0.0,0.0,0.6781196
1217,2562.4584758,0.0,2562.4575715,0.0,0.0,0.6781196
1218,2562.4584758,0.0,2562.4575715,0.0,0.0,0.6781196
1219,2562.4584758,0.0,2562.4575715,0.0,0.0,0.6781196
1220,2562.4584758,0.0,2562.4575715,0.0,0.0,0.6781196
1221,2437.144393,0.0,2437.1477563,6e-06,0.0,0.6453264
1222,2437.144393,0.0,2437.1477563,6e-06,0.0,0.6453264
1223,2437.144393,0.0,2437.1477563,6e-06,0.0,0.6453264
1224,2437.144393,0.0,2437.1477563,6e-06,0.0,0.6453264
1225,2437.144393,0.0,2437.1477563,6e-06,0.0,0.6453264
1226,2437.144393,0.0,2437.1477563,6e-06,0.0,0.6453264
1227,2437.144393,0.0,2437.1477563,6e-06,0.0,0.6453264
1228,2437.144393,0.0,2437.1477563,6e-06,0.0,0.6453264
1229,2437.144393,0.0,2437.1477563,6e-06,0.0,0.6453264
1230,2437.144393,0.0,2437.1477563,6e-06,0.0,0.6453264
1231,2558.0938399,0.0,2558.0933205,6e-06,0.0,0.6856683
1232,2558.0938399,0.0,2558.0933205,6e-06,0.0,0.6856683
1233,2558.0938399,0.0,2558.0933205,6e-06,0.0,0.6856683
1234,2558.0938399,0.0,2558.0933205,6e-06,0.0,0.6856683
1235,2558.0938399,0.0,2558.0933205,6e-06,0.0,0.6856683
1236,2558.0938399,0.0,2558.0933205,6e-06,0.0,0.6856683
1237,2558.0938399,0.0,2558.0933205,6e-06,0.0,0.6856683
1238,2558.0938399,0.0,2558.0933205,6e-06,0.0,0.6856683
1239,2558.0938399,0.0,2558.0933205,6e-06,0.0,0.6856683
1240,2558.0938399,0.0,2558.0933205,6e-06,0.0,0.6856683
1241,1066.8711236,0.0,1066.8708893,3.4e-06,0.0,0.2827148
1242,1066.8711236,0.0,1066.8708893,3.4e-06,0.0,0.2827148
1243,1066.8711236,0.0,1066.8708893,3.4e-06,0.0,0.2827148
1244,1066.8711236,0.0,1066.8708893,3.4e-06,0.0,0.2827148
1245,1066.8711236,0.0,1066.8708893,3.4e-06,0.0,0.2827148
1246,1066.8711236,0.0,1066.8708893,3.4e-06,0.0,0.2827148
1247,1066.8711236,0.0,1066.8708893,3.4e-06,0.0,0.2827148
1248,1066.8711236,0.0,1066.8708893,3.4e-06,0.0,0.2827148
1249,1066.8711236,0.0,1066.8708893,3.4e-06,0.0,0.2827148
1250,1066.8711236,0.0,1066.8708893,3.4e-06,0.0,0.2827148
1251,0.0,0.0,6e-06,6e-06,0.0,0.0
1252,0.0,0.0,6e-06,6e-06,0.0,0.0
1253,0.0,0.0,6e-06,6e-06,0.0,0.0
1254,0.0,0.0,6e-06,6e-06,0.0,0.0
1255,0.0,0.0,6e-06,6e-06,0.0,0.0
1256,0.0,0.0,6e-06,6e-06,0.0,0.0
1257,0.0,0.0,6e-06,6e-06,0.0,0.0
1258,0.0,0.0,6e-06,6e-06,0.0,0.0
1259,0.0,0.0,6e-06,6e-06,0.0,0.0
1260,0.0,0.0,6e-06,6e-06,0.0,0.0
1261,0.0,0.0,6e-06,6e-06,0.0,0.0
1262,0.0,0.0,6e-06,6e-06,0.0,0.0
1263,0.0,0.0,6e-06,6e-06,0.0,0.0
1264,0.0,0.0,6e-06,6e-06,0.0,0.0
1265,0.0,0.0,6e-06,6e-06,0.0,0.0
1266,0.0,0.0,6e-06,6e-06,0.0,0.0
1267,0.0,0.0,6e-06,6e-06,0.0,0.0
1268,0.0,0.0,6e-06,6e-06,0.0,0.0
1269,0.0,0.0,6e-06,6e-06,0.0,0.0
1270,0.0,0.0,6e-06,6e-06,0.0,0.0
1271,0.0,0.0,0.0,0.0,0.0,0.0
1272,0.0,0.0,0.0,0.0,0.0,0.0
1273,0.0,0.0,0.0,0.0,0.0,0.0
1274,0.0,0.0,0.0,0.0,0.0,0.0
1275,0.0,0.0,0.0,0.0,0.0,0.0
1276,0.0,0.0,0.0,0.0,0.0,0.0
1277,0.0,0.0,0.0,0.0,0.0,0.0
1278,0.0,0.0,0.0,0.0,0.0,0.0
1279,0.0,0.0,0.0,0.0,0.0,0.0
1280,0.0,0.0,0.0,0.0,0.0,0.0
1281,0.0,0.0,6e-06,6e-06,0.0,0.0
1282,0.0,0.0,6e-06,6e-06,0.0,0.0
1283,0.0,0.0,6e-06,6e-06,0.0,0.0
1284,0.0,0.0,6e-06,6e-06,0.0,0.0
1285,0.0,0.0,6e-06,6e-06,0.0,0.0
1286,0.0,0.0,6e-06,6e-06,0.0,0.0
1287,0.0,0.0,6e-06,6e-06,0.0,0.0
1288,0.0,0.0,6e-06,6e-06,0.0,0.0
1289,0.0,0.0,6e-06,6e-06,0.0,0.0
1290,0.0,0.0,6e-06,6e-06,0.0,0.0
1291,0.0,0.0,6e-06,6e-06,0.0,0.0
1292,0.0,0.0,6e-06,6e-06,0.0,0.0
1293,0.0,0.0,6e-06,6e-06,0.0,0.0
1294,0.0,0.0,6e-06,6e-06,0.0,0.0
1295,0.0,0.0,6e-06,6e-06,0.0,0.0
1296,0.0,0.0,6e-06,6e-06,0.0,0.0
1297,0.0,0.0,6e-06,6e-06,0.0,0.0
1298,0.0,0.0,6e-06,6e-06,0.0,0.0
1299,0.0,0.0,6e-06,6e-06,0.0,0.0
1300,0.0,0.0,6e-06,6e-06,0.0,0.0
1301,0.0,0.0,0.0,0.0,0.0,0.0
1302,0.0,0.0,0.0,0.0,0.0,0.0
1303,0.0,0.0,0.0,0.0,0.0,0.0
1304,0.0,0.0,0.0,0.0,0.0,0.0
1305,0.0,0.0,0.0,0.0,0.0,0.0
1306,0.0,0.0,0.0,0.0,0.0,0.0
1307,0.0,0.0,0.0,0.0,0.0,0.0
1308,0.0,0.0,0.0,0.0,0.0,0.0
1309,0.0,0.0,0.0,0.0,0.0,0.0
1310,0.0,0.0,0.0,0.0,0.0,0.0
1311,0.0,0.0,6e-06,6e-06,0.0,0.0
1312,0.0,0.0,6e-06,6e-06,0.0,0.0
1313,0.0,0.0,6e-06,6e-06,0.0,0.0
1314,0.0,0.0,6e-06,6e-06,0.0,0.0
1315,0.0,0.0,6e-06,6e-06,0.0,0.0
1316,0.0,0.0,6e-06,6e-06,0.0,0.0
1317,0.0,0.0,6e-06,6e-06,0.0,0.0
1318,0.0,0.0,6e-06,6e-06,0.0,0.0
1319,0.0,0.0,6e-06,6e-06,0.0,0.0
1320,0.0,0.0,6e-06,6e-06,0.0,0.0
1321,0.0,0.0,6e-06,6e-06,0.0,0.0
1322,0.0,0.0,6e-06,6e-06,0.0,0.0
1323,0.0,0.0,6e-06,6e-06,0.0,0.0
1324,0.0,0.0,6e-06,6e-06,0.0,0.0
1325,0.0,0.0,6e-06,6e-06,0.0,0.0
1326,0.0,0.0,6e-06,6e-06,0.0,0.0
1327,0.0,0.0,6e-06,6e-06,0.0,0.0
1328,0.0,0.0,6e-06,6e-06,0.0,0.0
1329,0.0,0.0,6e-06,6e-06,0.0,0.0
1330,0.0,0.0,6e-06,6e-06,0.0,0.0
1331,0.0,0.0,0.0,0.0,0.0,0.0
1332,0.0,0.0,0.0,0.0,0.0,0.0
1333,0.0,0.0,0.0,0.0,0.0,0.0
1334,0.0,0.0,0.0,0.0,0.0,0.0
1335,0.0,0.0,0.0,0.0,0.0,0.0
1336,0.0,0.0,0.0,0.0,0.0,0.0
1337,0.0,0.0,0.0,0.0,0.0,0.0
1338,0.0,0.0,0.0,0.0,0.0,0.0
1339,0.0,0.0,0.0,0.0,0.0,0.0
1340,0.0,0.0,0.0,0.0,0.0,0.0
1341,0.0,0.0,6e-06,6e-06,0.0,0.0
1342,0.0,0.0,6e-06,6e-06,0.0,0.0
1343,0.0,0.0,6e-06,6e-06,0.0,0.0
1344,0.0,0.0,6e-06,6e-06,0.0,0.0
1345,0.0,0.0,6e-06,6e-06,0.0,0.0
1346,0.0,0.0,6e-06,6e-06,0.0,0.0
1347,0.0,0.0,6e-06,6e-06,0.0,0.0
1348,0.0,0.0,6e-06,6e-06,0.0,0.0
1349,0.0,0.0,6e-06,6e-06,0.0,0.0
1350,0.0,0.0,6e-06,6e-06,0.0,0.0
1351,0.0,0.0,6e-06,6e-06,0.0,0.0
1352,0.0,0.0,6e-06,6e-06,0.0,0.0
1353,0.0,0.0,6e-06,6e-06,0.0,0.0
1354,0.0,0.0,6e-06,6e-06,0.0,0.0
1355,0.0,0.0,6e-06,6e-06,0.0,0.0
1356,0.0,0.0,6e-06,6e-06,0.0,0.0
1357,0.0,0.0,6e-06,6e-06,0.0,0.0
1358,0.0,0.0,6e-06,6e-06,0.0,0.0
1359,0.0,0.0,6e-06,6e-06,0.0,0.0
1360,0.0,0.0,6e-06,6e-06,0.0,0.0
